loss,factorization_time,params,iteration
0.7727187454537282,17.706566959997872,"{'model__doc_topic_prior': 9.340591646798577, 'model__n_components': 19, 'model__topic_word_prior': 4.354060928873475, 'vectorizer__max_df': 0.946381026817472, 'vectorizer__min_df': 0.0316526406462992, 'vectorizer__ngram_range': (1, 3)}",1
0.7699672791500882,15.738963704003254,"{'model__doc_topic_prior': 76.2624168303203, 'model__n_components': 24, 'model__topic_word_prior': 4.5553915308605974, 'vectorizer__max_df': 0.9621274413068396, 'vectorizer__min_df': 0.027021945227343698, 'vectorizer__ngram_range': (1, 3)}",2
0.7680725127807895,15.46413326399852,"{'model__doc_topic_prior': 53.487934931967025, 'model__n_components': 24, 'model__topic_word_prior': 79.88179462781237, 'vectorizer__max_df': 0.9510682021976835, 'vectorizer__min_df': 0.03266630554761724, 'vectorizer__ngram_range': (1, 3)}",3
0.7400419223804541,25.38745662099973,"{'model__doc_topic_prior': 1.861193518179266, 'model__n_components': 10, 'model__topic_word_prior': 1.1012128891067825, 'vectorizer__max_df': 0.9554178907133428, 'vectorizer__min_df': 0.01783185287098922, 'vectorizer__ngram_range': (1, 3)}",4
0.7769489995480605,20.065794169000583,"{'model__doc_topic_prior': 1.2314998980420901, 'model__n_components': 23, 'model__topic_word_prior': 91.50302133630693, 'vectorizer__max_df': 0.9545691777166794, 'vectorizer__min_df': 0.030872794713358815, 'vectorizer__ngram_range': (1, 3)}",5
0.7682661038791198,15.74368572000094,"{'model__doc_topic_prior': 64.22500474336273, 'model__n_components': 28, 'model__topic_word_prior': 27.003902061853406, 'vectorizer__max_df': 0.9555324047425539, 'vectorizer__min_df': 0.023760583728818466, 'vectorizer__ngram_range': (1, 3)}",6
0.7682511519833497,16.008528791000572,"{'model__doc_topic_prior': 13.091405847133295, 'model__n_components': 22, 'model__topic_word_prior': 40.06016267584529, 'vectorizer__max_df': 0.9636600034182679, 'vectorizer__min_df': 0.032247322341705825, 'vectorizer__ngram_range': (1, 3)}",7
0.7678510500057417,16.063838542999292,"{'model__doc_topic_prior': 22.15336997314065, 'model__n_components': 24, 'model__topic_word_prior': 2.784703986586444, 'vectorizer__max_df': 0.9509681936143373, 'vectorizer__min_df': 0.024877567406798064, 'vectorizer__ngram_range': (1, 3)}",8
0.7680725127807896,16.097901598001044,"{'model__doc_topic_prior': 45.04823050741449, 'model__n_components': 18, 'model__topic_word_prior': 93.06823890354187, 'vectorizer__max_df': 0.9472290825093488, 'vectorizer__min_df': 0.017672478991748276, 'vectorizer__ngram_range': (1, 3)}",9
0.7736472477197801,16.087459204998595,"{'model__doc_topic_prior': 18.147070746851526, 'model__n_components': 18, 'model__topic_word_prior': 7.767879332694827, 'vectorizer__max_df': 0.9547031512665229, 'vectorizer__min_df': 0.024530673131439307, 'vectorizer__ngram_range': (1, 3)}",10
0.7772128446193439,18.643740242001513,"{'model__doc_topic_prior': 1.9340890747496784, 'model__n_components': 29, 'model__topic_word_prior': 32.31192525247023, 'vectorizer__max_df': 0.9475892808647874, 'vectorizer__min_df': 0.026833471181665364, 'vectorizer__ngram_range': (1, 3)}",11
0.7743315319187184,17.34368393299883,"{'model__doc_topic_prior': 6.6217260777601705, 'model__n_components': 14, 'model__topic_word_prior': 20.721400388146026, 'vectorizer__max_df': 0.9547955530116727, 'vectorizer__min_df': 0.022659718596709, 'vectorizer__ngram_range': (1, 3)}",12
0.7713122112913882,16.606762528997933,"{'model__doc_topic_prior': 11.712225751006251, 'model__n_components': 29, 'model__topic_word_prior': 3.3519512293792664, 'vectorizer__max_df': 0.9583319650531126, 'vectorizer__min_df': 0.024914570049532975, 'vectorizer__ngram_range': (1, 3)}",13
0.7692123284119393,15.069859485000052,"{'model__doc_topic_prior': 35.04212306960217, 'model__n_components': 10, 'model__topic_word_prior': 2.8296576356063, 'vectorizer__max_df': 0.9468291155770623, 'vectorizer__min_df': 0.031045328082618572, 'vectorizer__ngram_range': (1, 3)}",14
0.7684242489305345,16.325183564000326,"{'model__doc_topic_prior': 17.915420221429944, 'model__n_components': 26, 'model__topic_word_prior': 38.885398302877675, 'vectorizer__max_df': 0.9472157131490087, 'vectorizer__min_df': 0.022128537583497424, 'vectorizer__ngram_range': (1, 3)}",15
0.7772807319689589,20.67261667999992,"{'model__doc_topic_prior': 1.1422707344719154, 'model__n_components': 30, 'model__topic_word_prior': 29.427399065826226, 'vectorizer__max_df': 0.9523865665276674, 'vectorizer__min_df': 0.027800200031480496, 'vectorizer__ngram_range': (1, 3)}",16
0.7694353085664851,16.558081729999685,"{'model__doc_topic_prior': 18.857540778239564, 'model__n_components': 25, 'model__topic_word_prior': 5.7028989470505795, 'vectorizer__max_df': 0.9483526461259666, 'vectorizer__min_df': 0.016854790765747526, 'vectorizer__ngram_range': (1, 3)}",17
0.7680193975989126,15.79318833099751,"{'model__doc_topic_prior': 24.111443740216135, 'model__n_components': 14, 'model__topic_word_prior': 43.74433874948649, 'vectorizer__max_df': 0.9549062228386378, 'vectorizer__min_df': 0.02862078249321428, 'vectorizer__ngram_range': (1, 3)}",18
0.7680725127807895,15.931604066998261,"{'model__doc_topic_prior': 15.879548414682509, 'model__n_components': 17, 'model__topic_word_prior': 85.54752431127119, 'vectorizer__max_df': 0.9528471335486758, 'vectorizer__min_df': 0.030550245448155648, 'vectorizer__ngram_range': (1, 3)}",19
0.7679878126457024,16.0773112450006,"{'model__doc_topic_prior': 16.077719259328077, 'model__n_components': 18, 'model__topic_word_prior': 19.93583621280662, 'vectorizer__max_df': 0.9602237801015202, 'vectorizer__min_df': 0.027244717907177196, 'vectorizer__ngram_range': (1, 3)}",20
0.7770722821814438,17.32218344699868,"{'model__doc_topic_prior': 3.323651232684043, 'model__n_components': 30, 'model__topic_word_prior': 13.298690175250341, 'vectorizer__max_df': 0.9499827704852525, 'vectorizer__min_df': 0.034969946976668866, 'vectorizer__ngram_range': (1, 3)}",21
0.7580946806042419,27.927361808997375,"{'model__doc_topic_prior': 1.078470748787451, 'model__n_components': 15, 'model__topic_word_prior': 12.42341379967679, 'vectorizer__max_df': 0.9453675281622235, 'vectorizer__min_df': 0.021436739865944708, 'vectorizer__ngram_range': (1, 3)}",22
0.7771454324314969,17.649341743999685,"{'model__doc_topic_prior': 2.834896508242022, 'model__n_components': 29, 'model__topic_word_prior': 54.81160104814657, 'vectorizer__max_df': 0.9496208522041553, 'vectorizer__min_df': 0.028151076426361676, 'vectorizer__ngram_range': (1, 3)}",23
0.7760713894966478,17.555467669997597,"{'model__doc_topic_prior': 4.517418129126095, 'model__n_components': 13, 'model__topic_word_prior': 21.759873344976704, 'vectorizer__max_df': 0.9575387073865351, 'vectorizer__min_df': 0.03421107933508167, 'vectorizer__ngram_range': (1, 3)}",24
0.777320538422994,19.40667040399785,"{'model__doc_topic_prior': 1.727593626302107, 'model__n_components': 30, 'model__topic_word_prior': 58.08664429441299, 'vectorizer__max_df': 0.952748347741841, 'vectorizer__min_df': 0.020611406793207686, 'vectorizer__ngram_range': (1, 3)}",25
0.7773571787918411,19.878568612999516,"{'model__doc_topic_prior': 1.5441732762215605, 'model__n_components': 30, 'model__topic_word_prior': 60.27703142807894, 'vectorizer__max_df': 0.9526516373895177, 'vectorizer__min_df': 0.020332311929089148, 'vectorizer__ngram_range': (1, 3)}",26
0.7772550360110304,19.426271329000883,"{'model__doc_topic_prior': 1.7511230060706706, 'model__n_components': 30, 'model__topic_word_prior': 61.160813405586254, 'vectorizer__max_df': 0.9528218043967771, 'vectorizer__min_df': 0.020096780509943322, 'vectorizer__ngram_range': (1, 3)}",27
0.7708504849041828,17.786624022999604,"{'model__doc_topic_prior': 5.469046537464206, 'model__n_components': 21, 'model__topic_word_prior': 1.0748037574734117, 'vectorizer__max_df': 0.9570310338931999, 'vectorizer__min_df': 0.01963220783166929, 'vectorizer__ngram_range': (1, 3)}",28
0.7544428276136194,22.217072213999927,"{'model__doc_topic_prior': 2.6359336847996317, 'model__n_components': 11, 'model__topic_word_prior': 1.6924475482245578, 'vectorizer__max_df': 0.9594525988503525, 'vectorizer__min_df': 0.015856707037518403, 'vectorizer__ngram_range': (1, 3)}",29
0.7683976805618971,17.14763337200202,"{'model__doc_topic_prior': 8.37221532723795, 'model__n_components': 20, 'model__topic_word_prior': 56.49483741598503, 'vectorizer__max_df': 0.9490433308308366, 'vectorizer__min_df': 0.015006637634548865, 'vectorizer__ngram_range': (1, 3)}",30
0.7635591902636749,25.722253657000692,"{'model__doc_topic_prior': 1.4902902542247964, 'model__n_components': 12, 'model__topic_word_prior': 12.748542640109333, 'vectorizer__max_df': 0.9454560918506757, 'vectorizer__min_df': 0.019733752861444635, 'vectorizer__ngram_range': (1, 3)}",31
0.7763906725892189,18.237940697999875,"{'model__doc_topic_prior': 3.982518650603979, 'model__n_components': 16, 'model__topic_word_prior': 66.56308443120447, 'vectorizer__max_df': 0.9519892099690981, 'vectorizer__min_df': 0.021190644235185088, 'vectorizer__ngram_range': (1, 3)}",32
0.7739422826588025,19.22361006400024,"{'model__doc_topic_prior': 2.407269634008716, 'model__n_components': 27, 'model__topic_word_prior': 8.967907587102468, 'vectorizer__max_df': 0.9614443804051558, 'vectorizer__min_df': 0.018453473987545935, 'vectorizer__ngram_range': (1, 3)}",33
0.7684522156343639,16.80787416399835,"{'model__doc_topic_prior': 6.830900934635148, 'model__n_components': 19, 'model__topic_word_prior': 99.747486986119, 'vectorizer__max_df': 0.9509593124130378, 'vectorizer__min_df': 0.023306254893901833, 'vectorizer__ngram_range': (1, 3)}",34
0.7771807598874131,19.388874716998544,"{'model__doc_topic_prior': 2.141519881368146, 'model__n_components': 30, 'model__topic_word_prior': 16.910171057903753, 'vectorizer__max_df': 0.9562731465346986, 'vectorizer__min_df': 0.018810605468655053, 'vectorizer__ngram_range': (1, 3)}",35
0.7680725127807897,15.486087375000352,"{'model__doc_topic_prior': 99.01034066535337, 'model__n_components': 23, 'model__topic_word_prior': 70.8965837961301, 'vectorizer__max_df': 0.953811499320106, 'vectorizer__min_df': 0.026177981495546544, 'vectorizer__ngram_range': (1, 3)}",36
0.7768433401596354,21.780283222000435,"{'model__doc_topic_prior': 1.289928700182678, 'model__n_components': 28, 'model__topic_word_prior': 48.75905532369136, 'vectorizer__max_df': 0.9515135287444064, 'vectorizer__min_df': 0.016578035336856173, 'vectorizer__ngram_range': (1, 3)}",37
0.7773559323683593,20.145684851002443,"{'model__doc_topic_prior': 1.5008947149288479, 'model__n_components': 30, 'model__topic_word_prior': 26.70483965672532, 'vectorizer__max_df': 0.953803322326185, 'vectorizer__min_df': 0.020644890401372983, 'vectorizer__ngram_range': (1, 3)}",38
0.7717118374060825,18.82164887700128,"{'model__doc_topic_prior': 3.6850627493664527, 'model__n_components': 12, 'model__topic_word_prior': 6.701926034028487, 'vectorizer__max_df': 0.9539021864482468, 'vectorizer__min_df': 0.02357747894673394, 'vectorizer__ngram_range': (1, 3)}",39
0.7747883404305405,25.518542002002505,"{'model__doc_topic_prior': 1.0160870947034653, 'model__n_components': 22, 'model__topic_word_prior': 32.15385804203504, 'vectorizer__max_df': 0.9634047240939908, 'vectorizer__min_df': 0.018765769261538733, 'vectorizer__ngram_range': (1, 3)}",40
0.774226315883776,20.39717005700004,"{'model__doc_topic_prior': 1.3809355994476142, 'model__n_components': 21, 'model__topic_word_prior': 16.95903870051241, 'vectorizer__max_df': 0.9561697350235062, 'vectorizer__min_df': 0.02960936082207463, 'vectorizer__ngram_range': (1, 3)}",41
0.7680522917696071,16.53980536999734,"{'model__doc_topic_prior': 9.826269800798908, 'model__n_components': 25, 'model__topic_word_prior': 24.826132919756024, 'vectorizer__max_df': 0.9588762798347816, 'vectorizer__min_df': 0.025901670020559955, 'vectorizer__ngram_range': (1, 3)}",42
0.7760152930111494,17.19102620200283,"{'model__doc_topic_prior': 5.287325475296702, 'model__n_components': 24, 'model__topic_word_prior': 37.05255004740408, 'vectorizer__max_df': 0.9504019495339762, 'vectorizer__min_df': 0.022113121236511643, 'vectorizer__ngram_range': (1, 3)}",43
0.7725126585148658,18.89890216600179,"{'model__doc_topic_prior': 2.9227916626485433, 'model__n_components': 26, 'model__topic_word_prior': 4.726553558499346, 'vectorizer__max_df': 0.9482058688204084, 'vectorizer__min_df': 0.017412381843869524, 'vectorizer__ngram_range': (1, 3)}",44
0.775300719720128,17.481585690999054,"{'model__doc_topic_prior': 7.691503736054685, 'model__n_components': 30, 'model__topic_word_prior': 9.489321021684628, 'vectorizer__max_df': 0.9535559441567621, 'vectorizer__min_df': 0.015173631096606428, 'vectorizer__ngram_range': (1, 3)}",45
0.7683034836185452,15.507526766999945,"{'model__doc_topic_prior': 28.96638606578717, 'model__n_components': 11, 'model__topic_word_prior': 75.33372700244347, 'vectorizer__max_df': 0.9461712886502203, 'vectorizer__min_df': 0.024227587554179954, 'vectorizer__ngram_range': (1, 3)}",46
0.7737260648921443,16.595912005999708,"{'model__doc_topic_prior': 11.668072887561687, 'model__n_components': 10, 'model__topic_word_prior': 24.645395997889267, 'vectorizer__max_df': 0.9558211821970248, 'vectorizer__min_df': 0.025509132678425025, 'vectorizer__ngram_range': (1, 3)}",47
0.7677733452678782,20.080370337000204,"{'model__doc_topic_prior': 2.2208164786023135, 'model__n_components': 17, 'model__topic_word_prior': 1.6619771951592512, 'vectorizer__max_df': 0.9607166881127511, 'vectorizer__min_df': 0.02293028488691691, 'vectorizer__ngram_range': (1, 3)}",48
0.768001123059638,16.27824334700199,"{'model__doc_topic_prior': 50.740936611718304, 'model__n_components': 27, 'model__topic_word_prior': 16.17408767690997, 'vectorizer__max_df': 0.9573919929530585, 'vectorizer__min_df': 0.01604464889983658, 'vectorizer__ngram_range': (1, 3)}",49
0.7750988880781701,22.27403047700136,"{'model__doc_topic_prior': 1.5825346624918597, 'model__n_components': 15, 'model__topic_word_prior': 44.807092336044924, 'vectorizer__max_df': 0.9491173061920682, 'vectorizer__min_df': 0.021426257277136672, 'vectorizer__ngram_range': (1, 3)}",50
0.7683916211094007,17.6216514000007,"{'model__doc_topic_prior': 4.972247204611797, 'model__n_components': 19, 'model__topic_word_prior': 99.04518534114231, 'vectorizer__max_df': 0.9583166127657118, 'vectorizer__min_df': 0.017693700649320746, 'vectorizer__ngram_range': (1, 3)}",51
0.7763400008496353,18.44102436400135,"{'model__doc_topic_prior': 3.330723700026521, 'model__n_components': 16, 'model__topic_word_prior': 34.090087813334144, 'vectorizer__max_df': 0.9626248242322916, 'vectorizer__min_df': 0.022510061328417486, 'vectorizer__ngram_range': (1, 3)}",52
0.7740890098667143,22.33743088600022,"{'model__doc_topic_prior': 1.2181526340751898, 'model__n_components': 20, 'model__topic_word_prior': 27.607948178535143, 'vectorizer__max_df': 0.9645878687150258, 'vectorizer__min_df': 0.024540057862263247, 'vectorizer__ngram_range': (1, 3)}",53
0.7684242489305348,15.510424978001538,"{'model__doc_topic_prior': 78.25451896196334, 'model__n_components': 13, 'model__topic_word_prior': 80.19587049920642, 'vectorizer__max_df': 0.955280434254934, 'vectorizer__min_df': 0.020606104606308445, 'vectorizer__ngram_range': (1, 3)}",54
0.7744725891819956,18.458008950001386,"{'model__doc_topic_prior': 2.083353149160403, 'model__n_components': 30, 'model__topic_word_prior': 7.4200697490391825, 'vectorizer__max_df': 0.9544733928856924, 'vectorizer__min_df': 0.0325921599281032, 'vectorizer__ngram_range': (1, 3)}",55
0.7705823153374816,15.9606040150029,"{'model__doc_topic_prior': 36.42897229451551, 'model__n_components': 14, 'model__topic_word_prior': 11.422358241377394, 'vectorizer__max_df': 0.9567206636946465, 'vectorizer__min_df': 0.01832241309733739, 'vectorizer__ngram_range': (1, 3)}",56
0.7771754174707333,24.842292395002005,"{'model__doc_topic_prior': 1.00067457798399, 'model__n_components': 23, 'model__topic_word_prior': 49.55498594641079, 'vectorizer__max_df': 0.951779233646759, 'vectorizer__min_df': 0.019344357485171514, 'vectorizer__ngram_range': (1, 3)}",57
0.7714942850418391,17.028001752998534,"{'model__doc_topic_prior': 6.127168017992166, 'model__n_components': 18, 'model__topic_word_prior': 3.6201169160430657, 'vectorizer__max_df': 0.9509157149657507, 'vectorizer__min_df': 0.026759576736377272, 'vectorizer__ngram_range': (1, 3)}",58
0.7760898026370199,20.176450737999403,"{'model__doc_topic_prior': 1.835707191865441, 'model__n_components': 22, 'model__topic_word_prior': 19.137132419334826, 'vectorizer__max_df': 0.9579735398385045, 'vectorizer__min_df': 0.02056338827209731, 'vectorizer__ngram_range': (1, 3)}",59
0.776428279351362,18.098644235000393,"{'model__doc_topic_prior': 4.108936778625351, 'model__n_components': 28, 'model__topic_word_prior': 15.101390199804111, 'vectorizer__max_df': 0.9480380132310472, 'vectorizer__min_df': 0.016732348852298483, 'vectorizer__ngram_range': (1, 3)}",60
0.76847443362685,16.54641078699933,"{'model__doc_topic_prior': 13.763813378109916, 'model__n_components': 30, 'model__topic_word_prior': 38.95268838600761, 'vectorizer__max_df': 0.9532763571141041, 'vectorizer__min_df': 0.021925166825029277, 'vectorizer__ngram_range': (1, 3)}",61
0.7749795069342024,17.77098889899935,"{'model__doc_topic_prior': 2.6403814908138066, 'model__n_components': 25, 'model__topic_word_prior': 10.817620840387356, 'vectorizer__max_df': 0.954354431676422, 'vectorizer__min_df': 0.03358758860552724, 'vectorizer__ngram_range': (1, 3)}",62
0.7772896799914217,18.15626838499884,"{'model__doc_topic_prior': 3.3439761954757845, 'model__n_components': 29, 'model__topic_word_prior': 23.0435649927992, 'vectorizer__max_df': 0.94967398628951, 'vectorizer__min_df': 0.023956012709650486, 'vectorizer__ngram_range': (1, 3)}",63
0.7662169497605221,20.980323047999264,"{'model__doc_topic_prior': 1.5754410188638357, 'model__n_components': 26, 'model__topic_word_prior': 1.8969846268933748, 'vectorizer__max_df': 0.946445118121303, 'vectorizer__min_df': 0.019171377431683585, 'vectorizer__ngram_range': (1, 3)}",64
0.7680725127807895,16.089696241000638,"{'model__doc_topic_prior': 23.952415822862584, 'model__n_components': 24, 'model__topic_word_prior': 91.3019646279447, 'vectorizer__max_df': 0.9591435718422033, 'vectorizer__min_df': 0.025137065476816073, 'vectorizer__ngram_range': (1, 3)}",65
0.7773762440242344,21.55300595799781,"{'model__doc_topic_prior': 1.129502600385223, 'model__n_components': 30, 'model__topic_word_prior': 61.04238581224564, 'vectorizer__max_df': 0.9523049439553661, 'vectorizer__min_df': 0.020724589162842942, 'vectorizer__ngram_range': (1, 3)}",66
0.7768696196457621,20.92759946800288,"{'model__doc_topic_prior': 1.2385701240935982, 'model__n_components': 30, 'model__topic_word_prior': 62.692465997251496, 'vectorizer__max_df': 0.9523587051117479, 'vectorizer__min_df': 0.02097318555819759, 'vectorizer__ngram_range': (1, 3)}",67
0.7772550360110304,19.36561159700068,"{'model__doc_topic_prior': 1.827689519897699, 'model__n_components': 30, 'model__topic_word_prior': 49.28299264925905, 'vectorizer__max_df': 0.9504507845899589, 'vectorizer__min_df': 0.020071390616948022, 'vectorizer__ngram_range': (1, 3)}",68
0.7773018882929265,21.75432351999916,"{'model__doc_topic_prior': 1.13318423160906, 'model__n_components': 30, 'model__topic_word_prior': 28.624949148493677, 'vectorizer__max_df': 0.9513813629390512, 'vectorizer__min_df': 0.021783356504840354, 'vectorizer__ngram_range': (1, 3)}",69
0.7715437317078517,21.300847448997956,"{'model__doc_topic_prior': 2.352838665748722, 'model__n_components': 10, 'model__topic_word_prior': 43.30401691029127, 'vectorizer__max_df': 0.9532769476724827, 'vectorizer__min_df': 0.022740506835247653, 'vectorizer__ngram_range': (1, 3)}",70
0.7762860040905446,23.177941281999665,"{'model__doc_topic_prior': 1.4441912344394987, 'model__n_components': 17, 'model__topic_word_prior': 81.64764229965743, 'vectorizer__max_df': 0.9490098926948296, 'vectorizer__min_df': 0.017351054709542776, 'vectorizer__ngram_range': (1, 3)}",71
0.7774934327699611,23.18403695899906,"{'model__doc_topic_prior': 1.0100344984865741, 'model__n_components': 30, 'model__topic_word_prior': 36.000747731579814, 'vectorizer__max_df': 0.9552516003530686, 'vectorizer__min_df': 0.0182781849053944, 'vectorizer__ngram_range': (1, 3)}",72
0.7765879799899172,25.992676478002977,"{'model__doc_topic_prior': 1.0432545275811271, 'model__n_components': 21, 'model__topic_word_prior': 70.02275197518183, 'vectorizer__max_df': 0.9553868425249465, 'vectorizer__min_df': 0.015585958963975785, 'vectorizer__ngram_range': (1, 3)}",73
0.7745646711434967,20.47519451699918,"{'model__doc_topic_prior': 2.8313053069749303, 'model__n_components': 12, 'model__topic_word_prior': 32.29922473604296, 'vectorizer__max_df': 0.9521448824764069, 'vectorizer__min_df': 0.01817393243745399, 'vectorizer__ngram_range': (1, 3)}",74
0.7751011731989674,22.39219687500008,"{'model__doc_topic_prior': 1.9888172040168262, 'model__n_components': 13, 'model__topic_word_prior': 55.57459676344326, 'vectorizer__max_df': 0.9600058103623793, 'vectorizer__min_df': 0.01637302717907843, 'vectorizer__ngram_range': (1, 3)}",75
0.7734333306717276,28.489260664999165,"{'model__doc_topic_prior': 1.0028604922950684, 'model__n_components': 15, 'model__topic_word_prior': 89.28155511718882, 'vectorizer__max_df': 0.956516978606382, 'vectorizer__min_df': 0.019976476830245986, 'vectorizer__ngram_range': (1, 3)}",76
0.7538092957334964,30.185295613999187,"{'model__doc_topic_prior': 1.3023151116827458, 'model__n_components': 11, 'model__topic_word_prior': 14.517000368433118, 'vectorizer__max_df': 0.9558538288101527, 'vectorizer__min_df': 0.017024994472400832, 'vectorizer__ngram_range': (1, 3)}",77
0.77703547232127,17.421305250998557,"{'model__doc_topic_prior': 4.491617237806347, 'model__n_components': 30, 'model__topic_word_prior': 36.1605861573953, 'vectorizer__max_df': 0.954991413081589, 'vectorizer__min_df': 0.023140629662668367, 'vectorizer__ngram_range': (1, 3)}",78
0.7728891876974104,23.370732678999047,"{'model__doc_topic_prior': 1.6985089788679544, 'model__n_components': 14, 'model__topic_word_prior': 19.050920425849334, 'vectorizer__max_df': 0.9528724301405271, 'vectorizer__min_df': 0.019116052648883136, 'vectorizer__ngram_range': (1, 3)}",79
0.775163380492868,25.466636943001504,"{'model__doc_topic_prior': 1.1335494088222622, 'model__n_components': 20, 'model__topic_word_prior': 41.246613898532, 'vectorizer__max_df': 0.9503483972138975, 'vectorizer__min_df': 0.0150379201019076, 'vectorizer__ngram_range': (1, 3)}",80
0.7769413994624391,17.93690021799921,"{'model__doc_topic_prior': 3.141213238674686, 'model__n_components': 27, 'model__topic_word_prior': 53.985089914154, 'vectorizer__max_df': 0.9474110474875752, 'vectorizer__min_df': 0.022390616873794025, 'vectorizer__ngram_range': (1, 3)}",81
0.7766258361176125,18.148005130002275,"{'model__doc_topic_prior': 2.5009765158609216, 'model__n_components': 19, 'model__topic_word_prior': 66.12618362173836, 'vectorizer__max_df': 0.954201898324792, 'vectorizer__min_df': 0.029094317829513185, 'vectorizer__ngram_range': (1, 3)}",82
0.7754518315135177,18.607686512001237,"{'model__doc_topic_prior': 3.7911217335973304, 'model__n_components': 16, 'model__topic_word_prior': 30.248241862898205, 'vectorizer__max_df': 0.9511966799916295, 'vectorizer__min_df': 0.01790703471493475, 'vectorizer__ngram_range': (1, 3)}",83
0.7680725127807897,17.081547343001148,"{'model__doc_topic_prior': 5.93664565243379, 'model__n_components': 30, 'model__topic_word_prior': 99.90077971696196, 'vectorizer__max_df': 0.9571623943554114, 'vectorizer__min_df': 0.023705331377283773, 'vectorizer__ngram_range': (1, 3)}",84
0.7731525175643857,17.0359850140012,"{'model__doc_topic_prior': 8.702445079722974, 'model__n_components': 18, 'model__topic_word_prior': 5.32837125034862, 'vectorizer__max_df': 0.9619024977557153, 'vectorizer__min_df': 0.019542105075756936, 'vectorizer__ngram_range': (1, 3)}",85
0.7680725127807897,16.981761651000852,"{'model__doc_topic_prior': 10.777864064292249, 'model__n_components': 23, 'model__topic_word_prior': 73.75933237141682, 'vectorizer__max_df': 0.9487543761132624, 'vectorizer__min_df': 0.015482225341387235, 'vectorizer__ngram_range': (1, 3)}",86
0.7751065638442927,22.377984612001455,"{'model__doc_topic_prior': 1.3621257118641932, 'model__n_components': 22, 'model__topic_word_prior': 22.489952030552463, 'vectorizer__max_df': 0.9578606475429748, 'vectorizer__min_df': 0.01868922265773075, 'vectorizer__ngram_range': (1, 3)}",87
0.7754482616002283,17.058120760000747,"{'model__doc_topic_prior': 6.957327866824951, 'model__n_components': 28, 'model__topic_word_prior': 8.009868483850584, 'vectorizer__max_df': 0.9526052325629947, 'vectorizer__min_df': 0.02125907802503607, 'vectorizer__ngram_range': (1, 3)}",88
0.7770583207675318,18.30484837699987,"{'model__doc_topic_prior': 2.1637559819334684, 'model__n_components': 29, 'model__topic_word_prior': 47.18473256145842, 'vectorizer__max_df': 0.9533824954714029, 'vectorizer__min_df': 0.02739701894557391, 'vectorizer__ngram_range': (1, 3)}",89
0.7766304843618822,20.24287053500302,"{'model__doc_topic_prior': 1.700195120999431, 'model__n_components': 30, 'model__topic_word_prior': 36.06406680752206, 'vectorizer__max_df': 0.9547762991570884, 'vectorizer__min_df': 0.016213998121545253, 'vectorizer__ngram_range': (1, 3)}",90
0.7680725127807895,15.722431563997816,"{'model__doc_topic_prior': 58.84571206816185, 'model__n_components': 25, 'model__topic_word_prior': 60.12670662153781, 'vectorizer__max_df': 0.9495058704911904, 'vectorizer__min_df': 0.026363844618404367, 'vectorizer__ngram_range': (1, 3)}",91
0.7680725127807896,17.420165773000917,"{'model__doc_topic_prior': 4.554852235317544, 'model__n_components': 26, 'model__topic_word_prior': 86.66899256223216, 'vectorizer__max_df': 0.9458804876688066, 'vectorizer__min_df': 0.020825738387612334, 'vectorizer__ngram_range': (1, 3)}",92
0.777108511861376,21.198759933002293,"{'model__doc_topic_prior': 1.2024552806507254, 'model__n_components': 30, 'model__topic_word_prior': 24.955917160944715, 'vectorizer__max_df': 0.9568876595984032, 'vectorizer__min_df': 0.021683046060353012, 'vectorizer__ngram_range': (1, 3)}",93
0.7648525702092008,27.113567683998554,"{'model__doc_topic_prior': 1.5064744408227813, 'model__n_components': 10, 'model__topic_word_prior': 18.49508207800013, 'vectorizer__max_df': 0.9478211819838519, 'vectorizer__min_df': 0.020460048304478586, 'vectorizer__ngram_range': (1, 3)}",94
0.7680725127807895,16.44796036000116,"{'model__doc_topic_prior': 19.699243969268466, 'model__n_components': 24, 'model__topic_word_prior': 52.34163134807707, 'vectorizer__max_df': 0.9587440817527552, 'vectorizer__min_df': 0.01731234377509349, 'vectorizer__ngram_range': (1, 3)}",95
0.7680725127807895,15.78328668299946,"{'model__doc_topic_prior': 38.29060635141523, 'model__n_components': 17, 'model__topic_word_prior': 77.91174699464257, 'vectorizer__max_df': 0.9557073259156039, 'vectorizer__min_df': 0.024327951597454465, 'vectorizer__ngram_range': (1, 3)}",96
0.7680522917696069,15.73287037600312,"{'model__doc_topic_prior': 29.008571875308586, 'model__n_components': 15, 'model__topic_word_prior': 41.56579697309424, 'vectorizer__max_df': 0.9468315228440324, 'vectorizer__min_df': 0.025514334861568958, 'vectorizer__ngram_range': (1, 3)}",97
0.7704537638140285,15.97657233100108,"{'model__doc_topic_prior': 13.348295227518589, 'model__n_components': 21, 'model__topic_word_prior': 14.173721397954385, 'vectorizer__max_df': 0.9516170204530622, 'vectorizer__min_df': 0.03180992107609287, 'vectorizer__ngram_range': (1, 3)}",98
0.7684086475489532,16.10065828000006,"{'model__doc_topic_prior': 90.16615991899715, 'model__n_components': 30, 'model__topic_word_prior': 12.140927061797854, 'vectorizer__max_df': 0.9604221656150045, 'vectorizer__min_df': 0.01806460161932814, 'vectorizer__ngram_range': (1, 3)}",99
0.7674844715408288,15.998349681001855,"{'model__doc_topic_prior': 15.475034561893688, 'model__n_components': 12, 'model__topic_word_prior': 2.332984347475592, 'vectorizer__max_df': 0.9508185955217897, 'vectorizer__min_df': 0.03065411728737049, 'vectorizer__ngram_range': (1, 3)}",100
