validation_hamming_loss,training_hamming_loss,fit_time,test_time,params_data,params_vectorizer,params_factorizer,params_classifier,iteration
0.06413111781532835,0.06459374508879459,1.7929897470000355,2.760650824000038,title,"{'max_df': 0.9078667824622263, 'min_df': 0.03368014151682936, 'ngram_range': (1, 3), 'vectorizer': 'tfidf'}","{'n_components': 35, 'factorizer': 'nmf'}","{'alpha': 1.391862724695528, 'multi': 'ClassifierChain', 'classifier': 'naive_bayes'}",1
0.07374110953058322,0.07126826968411126,0.6046185950000336,1.332465070000012,title,"{'max_df': 0.9036466136371395, 'min_df': 0.04735198769835128, 'ngram_range': (1, 2), 'vectorizer': 'tfidf'}","{'n_components': 25, 'factorizer': 'nmf'}","{'alpha': 0.9083404353187119, 'multi': 'BinaryRelevance', 'classifier': 'naive_bayes'}",2
0.02715207978365873,0.027284299858557286,20.175154720000023,2.921361064999985,title,"{'max_df': 0.9777715123918456, 'min_df': 0.04780507579669982, 'ngram_range': (1, 2), 'vectorizer': 'tfidf'}","{'doc_topic_prior': 2.4463232700403648, 'n_components': 35, 'topic_word_prior': 0.0062458899587801405, 'factorizer': 'lda'}","{'C': 0.03574655164089068, 'multi': 'BinaryRelevance', 'classifier': 'logistic_regression'}",3
0.022002407265565162,0.021983341191261982,32.65045628200005,3.897133849999989,title,"{'max_df': 0.9121406189122496, 'min_df': 0.005942103933542789, 'ngram_range': (1, 3), 'vectorizer': 'tfidf'}","{'n_components': 45, 'factorizer': 'nmf'}","{'C': 0.04185932455010552, 'multi': 'ClassifierChain', 'classifier': 'logistic_regression'}",4
0.027115501852343956,0.027248153386767247,31.09484193899999,105.29102890400009,title,"{'max_df': 0.9508011476005883, 'min_df': 0.04500862540606995, 'ngram_range': (1, 1), 'vectorizer': 'bow'}","{'doc_topic_prior': 23.07553434835337, 'n_components': 30, 'topic_word_prior': 6.011774253947544, 'factorizer': 'lda'}","{'C': 0.01516591998877679, 'gamma': 83.72802913672646, 'kernel': 'rbf', 'multi': 'BinaryRelevance', 'classifier': 'svm'}",5
0.026207618839197786,0.02635234952066635,35.940736689000005,17.361548077000066,title,"{'max_df': 0.964414193589633, 'min_df': 0.02869791067074616, 'ngram_range': (1, 3), 'vectorizer': 'tfidf'}","{'n_components': 20, 'factorizer': 'nmf'}","{'max_depth': 9, 'max_features': 0.41777546097517426, 'min_samples_leaf': 7, 'min_samples_split': 8, 'n_estimators': 75, 'multi': 'ClassifierChain', 'classifier': 'random_forest'}",6
0.026276085223453646,0.026405783435486406,22.947848488999966,3.1178444610000042,title,"{'max_df': 0.9508140335827049, 'min_df': 0.031500319383765366, 'ngram_range': (1, 2), 'vectorizer': 'tfidf'}","{'n_components': 20, 'factorizer': 'nmf'}","{'colsample_bytree': 0.8496987559997469, 'gamma': 0.26738258006056775, 'learning_rate': 0.16475612853770139, 'max_depth': 3, 'min_child_weight': 3, 'n_estimators': 100, 'objective': 'binary:hinge', 'reg_alpha': 1.6027127085391475, 'reg_lambda': 1.866000341826784, 'subsample': 0.9311830585426455, 'multi': 'BinaryRelevance', 'classifier': 'xgb'}",7
0.028042142778984883,0.028195819581958197,9.348802883000076,3.556740824999906,title,"{'max_df': 0.9660494236741926, 'min_df': 0.02399371636778138, 'ngram_range': (1, 3), 'vectorizer': 'bow'}","{'doc_topic_prior': 0.9399400944575308, 'n_components': 40, 'topic_word_prior': 0.9185406410454446, 'factorizer': 'lda'}","{'alpha': 0.7180458638428078, 'multi': 'BinaryRelevance', 'classifier': 'naive_bayes'}",8
0.02553796132743501,0.02562942008486563,21.120291073999965,2.848228006999989,title,"{'max_df': 0.902322097654817, 'min_df': 0.03068500112055042, 'ngram_range': (1, 1), 'vectorizer': 'bow'}","{'doc_topic_prior': 0.6160903088333779, 'n_components': 40, 'topic_word_prior': 13.620540485922849, 'factorizer': 'lda'}","{'C': 0.9679809588492398, 'multi': 'BinaryRelevance', 'classifier': 'logistic_regression'}",9
0.026074437653385022,0.02614175703284614,88.80035170500003,5.11431883299997,title,"{'max_df': 0.9400636111752979, 'min_df': 0.026832090349676735, 'ngram_range': (1, 2), 'vectorizer': 'tfidf'}","{'doc_topic_prior': 0.07135549747841219, 'n_components': 45, 'topic_word_prior': 0.001000703119838056, 'factorizer': 'lda'}","{'C': 64.25330302977306, 'multi': 'ClassifierChain', 'classifier': 'logistic_regression'}",10
0.04831350726087568,0.048582429671538585,0.8006224040000234,6.2383874589999095,title,"{'max_df': 0.9247243363951876, 'min_df': 0.031039895130277318, 'ngram_range': (1, 3), 'vectorizer': 'bow'}","{'n_components': 15, 'factorizer': 'nmf'}","{'alpha': 1.4825654887360544, 'multi': 'BinaryRelevance', 'classifier': 'naive_bayes'}",11
0.02186641239272818,0.017934936350777936,224.03402879199984,17.1744488989998,title,"{'max_df': 0.9628413730863037, 'min_df': 0.009907073575450027, 'ngram_range': (1, 1), 'vectorizer': 'tfidf'}","{'n_components': 30, 'factorizer': 'nmf'}","{'colsample_bytree': 0.9648996667274381, 'gamma': 0.1267621475921521, 'learning_rate': 0.08600765056944544, 'max_depth': 10, 'min_child_weight': 2, 'n_estimators': 225, 'objective': 'binary:hinge', 'reg_alpha': 1.3164191024386838, 'reg_lambda': 0.9795553011672764, 'subsample': 0.691492964917725, 'multi': 'BinaryRelevance', 'classifier': 'xgb'}",12
0.028042142778984883,0.028195819581958197,10.48813763399994,5.6539329999998245,title,"{'max_df': 0.9236383960974496, 'min_df': 0.03499692136950341, 'ngram_range': (1, 3), 'vectorizer': 'tfidf'}","{'doc_topic_prior': 0.011988631581236414, 'n_components': 45, 'topic_word_prior': 0.10247380779689949, 'factorizer': 'lda'}","{'alpha': 0.9822204089632867, 'multi': 'ClassifierChain', 'classifier': 'naive_bayes'}",13
0.023778781673518514,0.023804809052333804,25.906697244000043,3.645998852000048,title,"{'max_df': 0.9203280251751762, 'min_df': 0.009115510048390184, 'ngram_range': (1, 2), 'vectorizer': 'tfidf'}","{'doc_topic_prior': 0.8459147642412164, 'n_components': 35, 'topic_word_prior': 0.0021661455227573413, 'factorizer': 'lda'}","{'C': 0.1406536817912068, 'multi': 'BinaryRelevance', 'classifier': 'logistic_regression'}",14
0.02307598518124834,0.023045733144743046,22.460149204000118,2.891481268000007,title,"{'max_df': 0.9715403948305245, 'min_df': 0.00998535458526961, 'ngram_range': (1, 1), 'vectorizer': 'tfidf'}","{'n_components': 35, 'factorizer': 'nmf'}","{'C': 0.0245461652616965, 'multi': 'ClassifierChain', 'classifier': 'logistic_regression'}",15
0.023442077126287653,0.02341662737702342,33.91040008699997,4.747515443999873,title,"{'max_df': 0.9034823991872177, 'min_df': 0.019889756186555602, 'ngram_range': (1, 2), 'vectorizer': 'bow'}","{'doc_topic_prior': 0.043027487873742984, 'n_components': 45, 'topic_word_prior': 0.002581676211914536, 'factorizer': 'lda'}","{'C': 0.30013269333952547, 'multi': 'BinaryRelevance', 'classifier': 'logistic_regression'}",16
0.04355462460725618,0.045176803394625174,1.0088132629998654,2.591865968000093,title,"{'max_df': 0.9573968274985509, 'min_df': 0.022012152713135398, 'ngram_range': (1, 3), 'vectorizer': 'tfidf'}","{'n_components': 30, 'factorizer': 'nmf'}","{'alpha': 0.6368835765362395, 'multi': 'ClassifierChain', 'classifier': 'naive_bayes'}",17
0.02553796132743501,0.02562942008486563,68.19074440199984,4.609439059000124,title,"{'max_df': 0.9053897990231201, 'min_df': 0.035671889908330534, 'ngram_range': (1, 3), 'vectorizer': 'bow'}","{'doc_topic_prior': 10.435303015827637, 'n_components': 35, 'topic_word_prior': 2.230174921052136, 'factorizer': 'lda'}","{'C': 0.9577332554566268, 'multi': 'ClassifierChain', 'classifier': 'logistic_regression'}",18
0.023944476576055522,0.02393839383938394,144.65423492500008,11.714377226000124,title,"{'max_df': 0.9481415222570125, 'min_df': 0.019093374060945894, 'ngram_range': (1, 2), 'vectorizer': 'tfidf'}","{'n_components': 45, 'factorizer': 'nmf'}","{'colsample_bytree': 0.5300739357146885, 'gamma': 0.3173109656490168, 'learning_rate': 0.15595212099752942, 'max_depth': 7, 'min_child_weight': 4, 'n_estimators': 200, 'objective': 'binary:logistic', 'reg_alpha': 1.4085666179719427, 'reg_lambda': 1.6215844447330194, 'subsample': 0.8473448171926911, 'multi': 'BinaryRelevance', 'classifier': 'xgb'}",19
0.03287887077360761,0.03305201948766305,56.06314161899991,2.0327977990000363,title,"{'max_df': 0.958483550562888, 'min_df': 0.03925350522842061, 'ngram_range': (1, 1), 'vectorizer': 'tfidf'}","{'n_components': 25, 'factorizer': 'nmf'}","{'C': 6.618795783443486, 'multi': 'ClassifierChain', 'classifier': 'logistic_regression'}",20
0.021570662623294202,0.012618261826182618,617.5270225529998,28.54914990799989,title,"{'max_df': 0.9880806235308324, 'min_df': 0.006146228084126088, 'ngram_range': (1, 1), 'vectorizer': 'tfidf'}","{'n_components': 40, 'factorizer': 'nmf'}","{'colsample_bytree': 0.9913096743712666, 'gamma': 0.02270418616048432, 'learning_rate': 0.0596299530479944, 'max_depth': 10, 'min_child_weight': 2, 'n_estimators': 225, 'objective': 'binary:hinge', 'reg_alpha': 0.15803576057210666, 'reg_lambda': 0.14047720926706175, 'subsample': 0.5346539344177301, 'multi': 'ClassifierChain', 'classifier': 'xgb'}",21
0.023698122645491065,0.02277227722772277,585.341415163,41.77408896199995,title,"{'max_df': 0.9850880160584031, 'min_df': 0.015184306103923757, 'ngram_range': (1, 1), 'vectorizer': 'tfidf'}","{'n_components': 40, 'factorizer': 'nmf'}","{'colsample_bytree': 0.9934983795610597, 'gamma': 0.007159901587997217, 'learning_rate': 0.052622902652339654, 'max_depth': 10, 'min_child_weight': 2, 'n_estimators': 225, 'objective': 'binary:hinge', 'reg_alpha': 0.06671991975491705, 'reg_lambda': 0.3012295912706162, 'subsample': 0.5176056221555932, 'multi': 'ClassifierChain', 'classifier': 'xgb'}",22
0.024619761461866726,0.0237026559798837,439.80117492399995,86.4412360209999,title,"{'max_df': 0.9878327225801197, 'min_df': 0.014458624730092979, 'ngram_range': (1, 1), 'vectorizer': 'tfidf'}","{'n_components': 50, 'factorizer': 'nmf'}","{'colsample_bytree': 0.9969862772713179, 'gamma': 0.014807883852499579, 'learning_rate': 0.06048604922702572, 'max_depth': 10, 'min_child_weight': 2, 'n_estimators': 225, 'objective': 'binary:hinge', 'reg_alpha': 0.47567540623519394, 'reg_lambda': 0.05599928118023001, 'subsample': 0.584256862676087, 'multi': 'BinaryRelevance', 'classifier': 'xgb'}",23
0.021090147405936878,0.010741788464560741,476.7594896700002,29.8455870519997,title,"{'max_df': 0.9370937554797331, 'min_df': 0.00501970019644482, 'ngram_range': (1, 1), 'vectorizer': 'tfidf'}","{'n_components': 40, 'factorizer': 'nmf'}","{'colsample_bytree': 0.771240321889868, 'gamma': 0.12081014090855761, 'learning_rate': 0.07656645087425562, 'max_depth': 14, 'min_child_weight': 6, 'n_estimators': 250, 'objective': 'binary:hinge', 'reg_alpha': 0.9234954277251308, 'reg_lambda': 0.8157238447681998, 'subsample': 0.6775022134358263, 'multi': 'ClassifierChain', 'classifier': 'xgb'}",24
0.02447907711065606,0.011543297186861543,416.5945008580002,28.42069877100039,title,"{'max_df': 0.9358296418919267, 'min_df': 0.00540760772129727, 'ngram_range': (1, 1), 'vectorizer': 'tfidf'}","{'n_components': 40, 'factorizer': 'nmf'}","{'colsample_bytree': 0.716422822892905, 'gamma': 0.13069384895135983, 'learning_rate': 0.299142030198367, 'max_depth': 14, 'min_child_weight': 6, 'n_estimators': 250, 'objective': 'binary:hinge', 'reg_alpha': 0.6724877436105953, 'reg_lambda': 0.6969379163095717, 'subsample': 0.6767767715970223, 'multi': 'ClassifierChain', 'classifier': 'xgb'}",25
0.01997467681678208,0.01931164545025931,326.54909552700065,28.796999254000184,title,"{'max_df': 0.9333011258466598, 'min_df': 0.005165210598254116, 'ngram_range': (1, 1), 'vectorizer': 'tfidf'}","{'n_components': 40, 'factorizer': 'nmf'}","{'max_depth': 3, 'max_features': 0.9966807108589701, 'min_samples_leaf': 9, 'min_samples_split': 4, 'n_estimators': 200, 'multi': 'ClassifierChain', 'classifier': 'random_forest'}",26
0.02425898425898426,0.024293572214364293,86.51947051099978,30.008732514000258,title,"{'max_df': 0.9322412344605036, 'min_df': 0.014817110666018415, 'ngram_range': (1, 1), 'vectorizer': 'tfidf'}","{'n_components': 40, 'factorizer': 'nmf'}","{'max_depth': 3, 'max_features': 0.799744418384901, 'min_samples_leaf': 9, 'min_samples_split': 4, 'n_estimators': 200, 'multi': 'ClassifierChain', 'classifier': 'random_forest'}",27
0.02571272255482782,0.025866729530095868,100.56749181600026,56.227765188000376,title,"{'max_df': 0.9274974017958134, 'min_df': 0.022895686719705807, 'ngram_range': (1, 1), 'vectorizer': 'tfidf'}","{'n_components': 40, 'factorizer': 'nmf'}","{'max_depth': 3, 'max_features': 0.9608518981006295, 'min_samples_leaf': 4, 'min_samples_split': 4, 'n_estimators': 175, 'multi': 'ClassifierChain', 'classifier': 'random_forest'}",28
0.02235849499007394,0.021134684897061135,258.70711823200054,66.73654231,title,"{'max_df': 0.9184884039774346, 'min_df': 0.012213630918022456, 'ngram_range': (1, 1), 'vectorizer': 'tfidf'}","{'n_components': 15, 'factorizer': 'nmf'}","{'max_depth': 15, 'max_features': 0.655151858462397, 'min_samples_leaf': 3, 'min_samples_split': 6, 'n_estimators': 250, 'multi': 'ClassifierChain', 'classifier': 'random_forest'}",29
0.028300689353320932,0.01881030960238881,146.8624780530008,489.34795161200054,title,"{'max_df': 0.9790121128815349, 'min_df': 0.0060180996307707645, 'ngram_range': (1, 2), 'vectorizer': 'bow'}","{'n_components': 50, 'factorizer': 'nmf'}","{'C': 53.62981514689312, 'gamma': 0.03635698022935484, 'kernel': 'rbf', 'multi': 'ClassifierChain', 'classifier': 'svm'}",30
0.02709049130101762,0.02726229765833726,28.579313810999338,24.95419959999981,title,"{'max_df': 0.9422294205518191, 'min_df': 0.018426467066386537, 'ngram_range': (1, 1), 'vectorizer': 'tfidf'}","{'n_components': 40, 'factorizer': 'nmf'}","{'max_depth': 4, 'max_features': 0.12366922139173964, 'min_samples_leaf': 8, 'min_samples_split': 10, 'n_estimators': 125, 'multi': 'ClassifierChain', 'classifier': 'random_forest'}",31
0.02711143763775343,0.027243438629577243,36.24956162499984,22.889347606999763,title,"{'max_df': 0.9303202024547712, 'min_df': 0.04355592870672759, 'ngram_range': (1, 1), 'vectorizer': 'tfidf'}","{'n_components': 40, 'factorizer': 'nmf'}","{'max_depth': 2, 'max_features': 0.3807771367663013, 'min_samples_leaf': 6, 'min_samples_split': 18, 'n_estimators': 150, 'multi': 'ClassifierChain', 'classifier': 'random_forest'}",32
0.028062463851937537,0.027532610403897533,1369.644406368,2519.125988714999,title,"{'max_df': 0.9150773743330082, 'min_df': 0.006542658579369087, 'ngram_range': (1, 1), 'vectorizer': 'tfidf'}","{'n_components': 40, 'factorizer': 'nmf'}","{'C': 0.34428608798246174, 'gamma': 85.23847381479614, 'kernel': 'rbf', 'multi': 'ClassifierChain', 'classifier': 'svm'}",33
0.02552983289825395,0.02560898947037561,106.25020378000045,25.75399975899927,title,"{'max_df': 0.9526548324621048, 'min_df': 0.024734763148594657, 'ngram_range': (1, 1), 'vectorizer': 'tfidf'}","{'n_components': 35, 'factorizer': 'nmf'}","{'max_depth': 8, 'max_features': 0.9974556820655076, 'min_samples_leaf': 9, 'min_samples_split': 16, 'n_estimators': 100, 'multi': 'ClassifierChain', 'classifier': 'random_forest'}",34
0.03433354696512591,0.029020902090209022,163.67662332700093,593.5148773469991,title,"{'max_df': 0.9393660724422379, 'min_df': 0.011230327634071228, 'ngram_range': (1, 1), 'vectorizer': 'tfidf'}","{'n_components': 25, 'factorizer': 'nmf'}","{'C': 75.05026588887746, 'gamma': 0.7587628158521558, 'kernel': 'rbf', 'multi': 'ClassifierChain', 'classifier': 'svm'}",35
0.019942788363840995,0.01865943737230866,594.9585037400011,56.58302889300103,title,"{'max_df': 0.9886361195984098, 'min_df': 0.0063051812941128, 'ngram_range': (1, 2), 'vectorizer': 'bow'}","{'n_components': 30, 'factorizer': 'nmf'}","{'max_depth': 10, 'max_features': 0.8056506179845125, 'min_samples_leaf': 10, 'min_samples_split': 14, 'n_estimators': 225, 'multi': 'ClassifierChain', 'classifier': 'random_forest'}",36
0.01993653572600941,0.018687725915448688,587.8995662149991,53.57228909399964,title,"{'max_df': 0.9894341061474412, 'min_df': 0.0066077424301351564, 'ngram_range': (1, 2), 'vectorizer': 'bow'}","{'n_components': 30, 'factorizer': 'nmf'}","{'max_depth': 10, 'max_features': 0.8195803910507152, 'min_samples_leaf': 10, 'min_samples_split': 14, 'n_estimators': 225, 'multi': 'ClassifierChain', 'classifier': 'random_forest'}",37
0.0198899535741641,0.01851013672795851,614.1297200500012,54.987219990000085,title,"{'max_df': 0.9892319203867804, 'min_df': 0.005613688400669326, 'ngram_range': (1, 2), 'vectorizer': 'bow'}","{'n_components': 30, 'factorizer': 'nmf'}","{'max_depth': 10, 'max_features': 0.7711326090020806, 'min_samples_leaf': 10, 'min_samples_split': 14, 'n_estimators': 225, 'multi': 'ClassifierChain', 'classifier': 'random_forest'}",38
0.027615400246979196,0.02755146943265755,186.4615212209992,54.3452401450013,title,"{'max_df': 0.9891519746858854, 'min_df': 0.014116161512977286, 'ngram_range': (1, 2), 'vectorizer': 'bow'}","{'doc_topic_prior': 0.0012170437730349235, 'n_components': 15, 'topic_word_prior': 60.69475686955386, 'factorizer': 'lda'}","{'max_depth': 10, 'max_features': 0.7360623558192249, 'min_samples_leaf': 10, 'min_samples_split': 14, 'n_estimators': 225, 'multi': 'ClassifierChain', 'classifier': 'random_forest'}",39
0.022106826317352633,0.021694169416941696,173.02710421199845,44.45380644099896,title,"{'max_df': 0.9705760627255619, 'min_df': 0.012632421069589814, 'ngram_range': (1, 2), 'vectorizer': 'bow'}","{'n_components': 30, 'factorizer': 'nmf'}","{'max_depth': 7, 'max_features': 0.5623463761622121, 'min_samples_leaf': 10, 'min_samples_split': 14, 'n_estimators': 225, 'multi': 'ClassifierChain', 'classifier': 'random_forest'}",40
0.019992184202710518,0.018044947351878046,155.8766541540008,17.837136275000375,title,"{'max_df': 0.9549829615334589, 'min_df': 0.006334618432812385, 'ngram_range': (1, 2), 'vectorizer': 'bow'}","{'n_components': 30, 'factorizer': 'nmf'}","{'max_depth': 10, 'max_features': 0.906051299721501, 'min_samples_leaf': 5, 'min_samples_split': 12, 'n_estimators': 50, 'multi': 'ClassifierChain', 'classifier': 'random_forest'}",41
0.023043784096415675,0.022764419299072764,220.96527801199954,42.27398695899865,title,"{'max_df': 0.989438193338755, 'min_df': 0.01477730316351534, 'ngram_range': (1, 2), 'vectorizer': 'bow'}","{'doc_topic_prior': 0.001424194839443867, 'n_components': 50, 'topic_word_prior': 0.06305155101547295, 'factorizer': 'lda'}","{'max_depth': 5, 'max_features': 0.6792397633432697, 'min_samples_leaf': 1, 'min_samples_split': 2, 'n_estimators': 225, 'multi': 'ClassifierChain', 'classifier': 'random_forest'}",42
0.028042142778984883,0.028195819581958197,0.6823833220005326,1.5263151449998986,title,"{'max_df': 0.9327657470693022, 'min_df': 0.049087195434406455, 'ngram_range': (1, 2), 'vectorizer': 'bow'}","{'n_components': 30, 'factorizer': 'nmf'}","{'alpha': 0.045291428676780265, 'multi': 'BinaryRelevance', 'classifier': 'naive_bayes'}",43
0.02554233817391712,0.02557912934150558,66.60909013200035,193.8923940829991,title,"{'max_df': 0.9767792514499747, 'min_df': 0.010390696691670816, 'ngram_range': (1, 1), 'vectorizer': 'bow'}","{'doc_topic_prior': 90.16047606158921, 'n_components': 20, 'topic_word_prior': 81.87439003653716, 'factorizer': 'lda'}","{'C': 2.5199947061428833, 'gamma': 0.010566623257539596, 'kernel': 'rbf', 'multi': 'ClassifierChain', 'classifier': 'svm'}",44
0.02656183077235709,0.02671067106710671,245.50881855999978,50.480018645999735,title,"{'max_df': 0.9581798581531067, 'min_df': 0.02257207070198525, 'ngram_range': (1, 2), 'vectorizer': 'bow'}","{'n_components': 30, 'factorizer': 'nmf'}","{'max_depth': 12, 'max_features': 0.8695723039464285, 'min_samples_leaf': 2, 'min_samples_split': 20, 'n_estimators': 225, 'multi': 'ClassifierChain', 'classifier': 'random_forest'}",45
0.02430431588326325,0.02432028917177432,119.99844022899924,41.66960316699988,title,"{'max_df': 0.9385924454130121, 'min_df': 0.0164465584646315, 'ngram_range': (1, 2), 'vectorizer': 'bow'}","{'n_components': 45, 'factorizer': 'nmf'}","{'max_depth': 6, 'max_features': 0.5600407826316216, 'min_samples_leaf': 10, 'min_samples_split': 14, 'n_estimators': 225, 'multi': 'BinaryRelevance', 'classifier': 'random_forest'}",46
0.02772263298579088,0.02782964010686783,12.053726282998468,4.759938515000613,title,"{'max_df': 0.9766625829884625, 'min_df': 0.00948704627481841, 'ngram_range': (1, 2), 'vectorizer': 'bow'}","{'doc_topic_prior': 0.006168578822913165, 'n_components': 25, 'topic_word_prior': 0.018518160772450193, 'factorizer': 'lda'}","{'alpha': 1.9609800223379172, 'multi': 'ClassifierChain', 'classifier': 'naive_bayes'}",47
0.02711143763775343,0.027243438629577243,16.747766374999628,11.315685741999914,title,"{'max_df': 0.9899022462675953, 'min_df': 0.042437812794406275, 'ngram_range': (1, 2), 'vectorizer': 'bow'}","{'n_components': 20, 'factorizer': 'nmf'}","{'max_depth': 14, 'max_features': 0.38671054260479787, 'min_samples_leaf': 10, 'min_samples_split': 14, 'n_estimators': 50, 'multi': 'BinaryRelevance', 'classifier': 'random_forest'}",48
0.026068185015553438,0.02614175703284614,124.40603259700038,483.482299063,title,"{'max_df': 0.9190148663242126, 'min_df': 0.005289856325381663, 'ngram_range': (1, 3), 'vectorizer': 'bow'}","{'n_components': 30, 'factorizer': 'nmf'}","{'C': 0.012239211868676486, 'gamma': 1.1161357276785404, 'kernel': 'rbf', 'multi': 'ClassifierChain', 'classifier': 'svm'}",49
0.028042142778984883,0.028195819581958197,9.3081503909998,3.6471276360007323,title,"{'max_df': 0.963494725423058, 'min_df': 0.0187414795093383, 'ngram_range': (1, 1), 'vectorizer': 'bow'}","{'doc_topic_prior': 64.83053112954207, 'n_components': 15, 'topic_word_prior': 0.4490744901343065, 'factorizer': 'lda'}","{'alpha': 0.004460694052543901, 'multi': 'ClassifierChain', 'classifier': 'naive_bayes'}",50
0.021590358432463697,0.020474618890460476,128.67282112199973,29.13612789200124,title,"{'max_df': 0.9835741612592468, 'min_df': 0.009952918247238379, 'ngram_range': (1, 2), 'vectorizer': 'bow'}","{'n_components': 15, 'factorizer': 'nmf'}","{'max_depth': 13, 'max_features': 0.8227165650818833, 'min_samples_leaf': 6, 'min_samples_split': 14, 'n_estimators': 125, 'multi': 'BinaryRelevance', 'classifier': 'random_forest'}",51
0.03379144326512747,0.034152129498664155,54.637796905999494,14.983169035000174,title,"{'max_df': 0.9446264177931946, 'min_df': 0.025490254308264484, 'ngram_range': (1, 2), 'vectorizer': 'bow'}","{'n_components': 20, 'factorizer': 'nmf'}","{'C': 51.7464646824047, 'multi': 'ClassifierChain', 'classifier': 'logistic_regression'}",52
0.025524518156097104,0.02560898947037561,96.36503839199759,21.7973279129983,title,"{'max_df': 0.9688301282494488, 'min_df': 0.038724316606408404, 'ngram_range': (1, 1), 'vectorizer': 'bow'}","{'doc_topic_prior': 0.12792175678718068, 'n_components': 50, 'topic_word_prior': 19.94784610490181, 'factorizer': 'lda'}","{'max_depth': 11, 'max_features': 0.6874208490852723, 'min_samples_leaf': 10, 'min_samples_split': 18, 'n_estimators': 75, 'multi': 'ClassifierChain', 'classifier': 'random_forest'}",53
0.24199740515529988,0.24914505736287915,5.6195787969991216,1.7159231879995787,title,"{'max_df': 0.9829076481659347, 'min_df': 0.029155216832604695, 'ngram_range': (1, 2), 'vectorizer': 'bow'}","{'n_components': 35, 'factorizer': 'nmf'}","{'alpha': 0.3642314454555432, 'multi': 'BinaryRelevance', 'classifier': 'naive_bayes'}",54
0.024954277585856534,0.0249002043061449,70.19992633400034,2.7621737589979602,title,"{'max_df': 0.9740085373735827, 'min_df': 0.01786282333180464, 'ngram_range': (1, 3), 'vectorizer': 'bow'}","{'n_components': 30, 'factorizer': 'nmf'}","{'C': 9.416994646521404, 'multi': 'ClassifierChain', 'classifier': 'logistic_regression'}",55
0.021506260453628873,0.02036146471790036,99.56626920499912,29.150260161000915,title,"{'max_df': 0.9597996745462295, 'min_df': 0.01157362933253701, 'ngram_range': (1, 2), 'vectorizer': 'bow'}","{'n_components': 45, 'factorizer': 'nmf'}","{'max_depth': 10, 'max_features': 0.47408022089449386, 'min_samples_leaf': 1, 'min_samples_split': 12, 'n_estimators': 100, 'multi': 'ClassifierChain', 'classifier': 'random_forest'}",56
0.02452534663060979,0.024488448844884488,49.59821168399867,169.4062838869977,title,"{'max_df': 0.949957440798716, 'min_df': 0.021316096169359637, 'ngram_range': (1, 1), 'vectorizer': 'bow'}","{'doc_topic_prior': 6.078871429181935, 'n_components': 25, 'topic_word_prior': 0.10966340380984543, 'factorizer': 'lda'}","{'C': 0.3314312248858458, 'gamma': 4.568221516519428, 'kernel': 'rbf', 'multi': 'BinaryRelevance', 'classifier': 'svm'}",57
0.020593687962109013,0.019324218136099323,30.73286003300018,7.560322678000375,title,"{'max_df': 0.9836733986832448, 'min_df': 0.008181977865729712, 'ngram_range': (1, 2), 'vectorizer': 'bow'}","{'n_components': 25, 'factorizer': 'nmf'}","{'colsample_bytree': 0.30240196720381457, 'gamma': 0.48197676904203735, 'learning_rate': 0.28111885359080807, 'max_depth': 8, 'min_child_weight': 10, 'n_estimators': 50, 'objective': 'binary:logistic', 'reg_alpha': 1.9642621555642625, 'reg_lambda': 1.4469768923950612, 'subsample': 0.9907940393816131, 'multi': 'ClassifierChain', 'classifier': 'xgb'}",58
0.028042142778984883,0.028195819581958197,176.05201201700038,33.003840393001155,title,"{'max_df': 0.9144237058984895, 'min_df': 0.049829889564347, 'ngram_range': (1, 3), 'vectorizer': 'bow'}","{'n_components': 30, 'factorizer': 'nmf'}","{'max_depth': 10, 'max_features': 0.9005458082524684, 'min_samples_leaf': 2, 'min_samples_split': 20, 'n_estimators': 150, 'multi': 'ClassifierChain', 'classifier': 'random_forest'}",59
0.04321479374110953,0.044332861857614335,104.41210687200146,8.624246474999381,title,"{'max_df': 0.949326355357232, 'min_df': 0.036023390887699396, 'ngram_range': (1, 1), 'vectorizer': 'bow'}","{'n_components': 50, 'factorizer': 'nmf'}","{'C': 8.651957197686661, 'multi': 'ClassifierChain', 'classifier': 'logistic_regression'}",60
0.02501461554093133,0.02508093666509508,55.28608680300022,33.76460561499698,title,"{'max_df': 0.9630671797038174, 'min_df': 0.024737005820018736, 'ngram_range': (1, 2), 'vectorizer': 'bow'}","{'doc_topic_prior': 0.007093309185988777, 'n_components': 30, 'topic_word_prior': 0.022700653229244926, 'factorizer': 'lda'}","{'max_depth': 6, 'max_features': 0.2025903267869012, 'min_samples_leaf': 8, 'min_samples_split': 2, 'n_estimators': 175, 'multi': 'BinaryRelevance', 'classifier': 'random_forest'}",61
0.023099119941225203,0.022976583372622976,175.8353375810002,14.337135646001116,title,"{'max_df': 0.9398621455689556, 'min_df': 0.015692195918822947, 'ngram_range': (1, 3), 'vectorizer': 'bow'}","{'n_components': 30, 'factorizer': 'nmf'}","{'colsample_bytree': 0.5081412803777159, 'gamma': 0.48746095652278554, 'learning_rate': 0.23792802144551584, 'max_depth': 13, 'min_child_weight': 9, 'n_estimators': 150, 'objective': 'binary:logistic', 'reg_alpha': 1.9849436533013611, 'reg_lambda': 1.318017577457152, 'subsample': 0.8128425254646907, 'multi': 'ClassifierChain', 'classifier': 'xgb'}",62
0.04118643802854329,0.0413987112997014,0.7309260930014716,2.2824702780017105,title,"{'max_df': 0.9299364169597829, 'min_df': 0.027623605544598088, 'ngram_range': (1, 2), 'vectorizer': 'bow'}","{'n_components': 15, 'factorizer': 'nmf'}","{'alpha': 1.9523722258935816, 'multi': 'ClassifierChain', 'classifier': 'naive_bayes'}",63
0.02626045362887468,0.026413641364136414,112.78976836799848,39.53599985099936,title,"{'max_df': 0.9710280563222878, 'min_df': 0.033315009846729055, 'ngram_range': (1, 3), 'vectorizer': 'bow'}","{'n_components': 20, 'factorizer': 'nmf'}","{'max_depth': 5, 'max_features': 0.6165913918070883, 'min_samples_leaf': 4, 'min_samples_split': 8, 'n_estimators': 250, 'multi': 'ClassifierChain', 'classifier': 'random_forest'}",64
0.022491050912103544,0.019003614647179003,137.10040824099997,398.5106820109977,title,"{'max_df': 0.9803953620302707, 'min_df': 0.005037015513893517, 'ngram_range': (1, 1), 'vectorizer': 'bow'}","{'n_components': 35, 'factorizer': 'nmf'}","{'C': 6.844476957259905, 'gamma': 0.07725941758071087, 'kernel': 'rbf', 'multi': 'BinaryRelevance', 'classifier': 'svm'}",65
0.020281993966204493,0.019361936193619363,466.03753309400054,53.05011168599958,title,"{'max_df': 0.9875494988313009, 'min_df': 0.007852768634902398, 'ngram_range': (1, 2), 'vectorizer': 'bow'}","{'n_components': 30, 'factorizer': 'nmf'}","{'max_depth': 10, 'max_features': 0.7788064085571245, 'min_samples_leaf': 10, 'min_samples_split': 14, 'n_estimators': 225, 'multi': 'ClassifierChain', 'classifier': 'random_forest'}",66
0.022355993934941303,0.021884331290271883,267.1330786869985,49.99377473399727,title,"{'max_df': 0.9860288741182168, 'min_df': 0.012766112636225194, 'ngram_range': (1, 2), 'vectorizer': 'bow'}","{'n_components': 30, 'factorizer': 'nmf'}","{'max_depth': 10, 'max_features': 0.7451389450079553, 'min_samples_leaf': 10, 'min_samples_split': 14, 'n_estimators': 225, 'multi': 'ClassifierChain', 'classifier': 'random_forest'}",67
0.020180701233332814,0.018953323903818955,549.8726928579999,53.37075802500112,title,"{'max_df': 0.9728184704608415, 'min_df': 0.007494512807761011, 'ngram_range': (1, 2), 'vectorizer': 'bow'}","{'n_components': 30, 'factorizer': 'nmf'}","{'max_depth': 10, 'max_features': 0.8617136823804903, 'min_samples_leaf': 7, 'min_samples_split': 14, 'n_estimators': 225, 'multi': 'ClassifierChain', 'classifier': 'random_forest'}",68
0.019934347302768357,0.01697941222693698,763.4781041690003,54.42228649599929,title,"{'max_df': 0.9897476923775981, 'min_df': 0.00544437307902222, 'ngram_range': (1, 2), 'vectorizer': 'bow'}","{'n_components': 30, 'factorizer': 'nmf'}","{'max_depth': 10, 'max_features': 0.9370748409819462, 'min_samples_leaf': 3, 'min_samples_split': 6, 'n_estimators': 225, 'multi': 'ClassifierChain', 'classifier': 'random_forest'}",69
0.022942178731652416,0.022121640735502122,352.2082438389989,63.035927716002334,title,"{'max_df': 0.9803994636976536, 'min_df': 0.013301583324601022, 'ngram_range': (1, 2), 'vectorizer': 'bow'}","{'n_components': 30, 'factorizer': 'nmf'}","{'max_depth': 14, 'max_features': 0.938385907584652, 'min_samples_leaf': 3, 'min_samples_split': 6, 'n_estimators': 225, 'multi': 'ClassifierChain', 'classifier': 'random_forest'}",70
0.019287824550982446,0.016995128084236994,155.25277055999686,22.998393706999195,title,"{'max_df': 0.9655839972202255, 'min_df': 0.005559994740823106, 'ngram_range': (1, 2), 'vectorizer': 'bow'}","{'n_components': 50, 'factorizer': 'nmf'}","{'max_depth': 9, 'max_features': 0.4793872241030888, 'min_samples_leaf': 3, 'min_samples_split': 6, 'n_estimators': 75, 'multi': 'ClassifierChain', 'classifier': 'random_forest'}",71
0.02138589717537086,0.020402325946880403,97.22370467499786,24.86819842499972,title,"{'max_df': 0.9546358608421979, 'min_df': 0.01060210369411056, 'ngram_range': (1, 2), 'vectorizer': 'bow'}","{'n_components': 50, 'factorizer': 'nmf'}","{'max_depth': 12, 'max_features': 0.4808681989818237, 'min_samples_leaf': 3, 'min_samples_split': 6, 'n_estimators': 75, 'multi': 'ClassifierChain', 'classifier': 'random_forest'}",72
0.01919340971972551,0.017072135785007072,115.13230856799782,24.248921078997228,title,"{'max_df': 0.9637723279428516, 'min_df': 0.005352266475601312, 'ngram_range': (1, 2), 'vectorizer': 'bow'}","{'n_components': 50, 'factorizer': 'nmf'}","{'max_depth': 9, 'max_features': 0.32514110016405523, 'min_samples_leaf': 3, 'min_samples_split': 6, 'n_estimators': 75, 'multi': 'ClassifierChain', 'classifier': 'random_forest'}",73
0.02531099057414847,0.025417256011315417,94.86457360199711,78.00359334400127,title,"{'max_df': 0.9675933330790527, 'min_df': 0.020729551802532917, 'ngram_range': (1, 2), 'vectorizer': 'bow'}","{'n_components': 50, 'factorizer': 'nmf'}","{'colsample_bytree': 0.30282897836469647, 'gamma': 0.4008358953943496, 'learning_rate': 0.2160329591389629, 'max_depth': 15, 'min_child_weight': 8, 'n_estimators': 125, 'objective': 'binary:logistic', 'reg_alpha': 0.4161742351533768, 'reg_lambda': 1.9684487031183102, 'subsample': 0.9843520714507925, 'multi': 'ClassifierChain', 'classifier': 'xgb'}",74
0.024168633642317854,0.024145843155744147,40.12808482800028,24.562147839002137,title,"{'max_df': 0.9443409976528186, 'min_df': 0.01686744060171002, 'ngram_range': (1, 2), 'vectorizer': 'bow'}","{'n_components': 50, 'factorizer': 'nmf'}","{'max_depth': 9, 'max_features': 0.2622767543643557, 'min_samples_leaf': 3, 'min_samples_split': 6, 'n_estimators': 75, 'multi': 'ClassifierChain', 'classifier': 'random_forest'}",75
0.022114954746533695,0.02197234009115197,24.533649941997282,4.296163050999894,title,"{'max_df': 0.9646628495885168, 'min_df': 0.009005874017812047, 'ngram_range': (1, 2), 'vectorizer': 'bow'}","{'n_components': 50, 'factorizer': 'nmf'}","{'C': 0.01399457932047706, 'multi': 'ClassifierChain', 'classifier': 'logistic_regression'}",76
0.02377190377190377,0.02367122426528367,42.447359082998446,36.92611170999953,title,"{'max_df': 0.9541383140269081, 'min_df': 0.014642943114444824, 'ngram_range': (1, 2), 'vectorizer': 'bow'}","{'n_components': 50, 'factorizer': 'nmf'}","{'max_depth': 9, 'max_features': 0.30883337662883104, 'min_samples_leaf': 3, 'min_samples_split': 6, 'n_estimators': 75, 'multi': 'ClassifierChain', 'classifier': 'random_forest'}",77
0.025853406906038486,0.02532138928178532,142.35746032500174,47.51717254599862,title,"{'max_df': 0.9611891914864343, 'min_df': 0.012082544954902633, 'ngram_range': (1, 2), 'vectorizer': 'bow'}","{'doc_topic_prior': 0.026135050293824576, 'n_components': 20, 'topic_word_prior': 2.3563830211737367, 'factorizer': 'lda'}","{'max_depth': 9, 'max_features': 0.46637476387822896, 'min_samples_leaf': 5, 'min_samples_split': 10, 'n_estimators': 200, 'multi': 'ClassifierChain', 'classifier': 'random_forest'}",78
0.06831975989870727,0.06614961496149616,1.2275096350022068,3.3201296550032566,title,"{'max_df': 0.9574944517419125, 'min_df': 0.04728683968005072, 'ngram_range': (1, 3), 'vectorizer': 'bow'}","{'n_components': 50, 'factorizer': 'nmf'}","{'alpha': 1.3806978113732702, 'multi': 'ClassifierChain', 'classifier': 'naive_bayes'}",79
0.025888109046003784,0.02604117554612604,819.7787176540005,2656.2361053759996,title,"{'max_df': 0.9754675832465827, 'min_df': 0.006800452322809848, 'ngram_range': (1, 2), 'vectorizer': 'bow'}","{'n_components': 50, 'factorizer': 'nmf'}","{'C': 0.0638226581160547, 'gamma': 12.637942375666457, 'kernel': 'rbf', 'multi': 'ClassifierChain', 'classifier': 'svm'}",80
0.024235536867115815,0.02432186075750432,20.318707373997313,17.87659130999964,title,"{'max_df': 0.9339081828300504, 'min_df': 0.018882330353234764, 'ngram_range': (1, 2), 'vectorizer': 'bow'}","{'n_components': 25, 'factorizer': 'nmf'}","{'max_depth': 9, 'max_features': 0.10491575911346607, 'min_samples_leaf': 3, 'min_samples_split': 4, 'n_estimators': 75, 'multi': 'ClassifierChain', 'classifier': 'random_forest'}",81
0.026261704156441,0.026413641364136414,67.76922964799815,11.37462672699985,title,"{'max_df': 0.9469409624186781, 'min_df': 0.040449452384010084, 'ngram_range': (1, 1), 'vectorizer': 'bow'}","{'n_components': 45, 'factorizer': 'nmf'}","{'colsample_bytree': 0.46566798855613095, 'gamma': 0.38884767113889296, 'learning_rate': 0.1205330711626568, 'max_depth': 5, 'min_child_weight': 5, 'n_estimators': 75, 'objective': 'binary:logistic', 'reg_alpha': 0.994409115531521, 'reg_lambda': 0.6579787358740883, 'subsample': 0.8824190395072534, 'multi': 'ClassifierChain', 'classifier': 'xgb'}",82
0.026375814796867427,0.02644035832154644,26.20868362499823,13.577791755000362,title,"{'max_df': 0.9044871326222362, 'min_df': 0.04266692422716376, 'ngram_range': (1, 3), 'vectorizer': 'tfidf'}","{'doc_topic_prior': 0.2122288578701152, 'n_components': 15, 'topic_word_prior': 0.3656967562444111, 'factorizer': 'lda'}","{'max_depth': 15, 'max_features': 0.3115711538301949, 'min_samples_leaf': 7, 'min_samples_split': 16, 'n_estimators': 75, 'multi': 'BinaryRelevance', 'classifier': 'random_forest'}",83
0.03524174261016366,0.036206192047776205,85.99461727699963,7.7150676199999,title,"{'max_df': 0.9664568496449033, 'min_df': 0.02261002758437146, 'ngram_range': (1, 2), 'vectorizer': 'bow'}","{'n_components': 50, 'factorizer': 'nmf'}","{'C': 24.808170750364795, 'multi': 'ClassifierChain', 'classifier': 'logistic_regression'}",84
0.021992403045034623,0.021889046047461887,25.951906680998945,16.57067555800313,title,"{'max_df': 0.9409264065664571, 'min_df': 0.011130631617188712, 'ngram_range': (1, 2), 'vectorizer': 'bow'}","{'n_components': 50, 'factorizer': 'nmf'}","{'max_depth': 4, 'max_features': 0.17670153698393537, 'min_samples_leaf': 9, 'min_samples_split': 8, 'n_estimators': 75, 'multi': 'ClassifierChain', 'classifier': 'random_forest'}",85
0.028033701717912245,0.028184818481848183,2.003465613001026,2.017110478001996,title,"{'max_df': 0.9519193606102109, 'min_df': 0.008867207280076336, 'ngram_range': (1, 2), 'vectorizer': 'bow'}","{'n_components': 15, 'factorizer': 'nmf'}","{'alpha': 1.6555997974233263, 'multi': 'ClassifierChain', 'classifier': 'naive_bayes'}",86
0.025556406609038188,0.025594845198805595,56.22966964000079,29.999501517999306,title,"{'max_df': 0.9007397238826811, 'min_df': 0.03634280361421048, 'ngram_range': (1, 3), 'vectorizer': 'tfidf'}","{'doc_topic_prior': 0.0025808600390804415, 'n_components': 20, 'topic_word_prior': 22.508917194274872, 'factorizer': 'lda'}","{'max_depth': 9, 'max_features': 0.4244889967723153, 'min_samples_leaf': 4, 'min_samples_split': 6, 'n_estimators': 175, 'multi': 'BinaryRelevance', 'classifier': 'random_forest'}",87
0.01947258999890579,0.01903033160458903,187.59360659099912,31.381251625000004,title,"{'max_df': 0.9783215847259257, 'min_df': 0.00539059671809171, 'ngram_range': (1, 3), 'vectorizer': 'bow'}","{'n_components': 50, 'factorizer': 'nmf'}","{'max_depth': 3, 'max_features': 0.5197692847470924, 'min_samples_leaf': 3, 'min_samples_split': 6, 'n_estimators': 200, 'multi': 'ClassifierChain', 'classifier': 'random_forest'}",88
0.034748096853360014,0.03347006129184347,361.8481744849996,1066.0428693350004,title,"{'max_df': 0.9772124140053035, 'min_df': 0.014304034658919261, 'ngram_range': (1, 3), 'vectorizer': 'bow'}","{'n_components': 50, 'factorizer': 'nmf'}","{'C': 14.251264017926026, 'gamma': 0.2810470082211915, 'kernel': 'rbf', 'multi': 'ClassifierChain', 'classifier': 'svm'}",89
0.019519172150751097,0.01783749803551784,122.0148772140019,12.220252872000856,title,"{'max_df': 0.9699761284952779, 'min_df': 0.007032398916751489, 'ngram_range': (1, 3), 'vectorizer': 'bow'}","{'n_components': 50, 'factorizer': 'nmf'}","{'colsample_bytree': 0.6180937968894817, 'gamma': 0.1993011159934285, 'learning_rate': 0.22127906429658187, 'max_depth': 2, 'min_child_weight': 1, 'n_estimators': 175, 'objective': 'binary:logistic', 'reg_alpha': 1.6990727158580126, 'reg_lambda': 1.2548372289871574, 'subsample': 0.7791033915676414, 'multi': 'ClassifierChain', 'classifier': 'xgb'}",90
0.02711143763775343,0.027243438629577243,76.60311351500059,31.70541631300148,title,"{'max_df': 0.9762832712708243, 'min_df': 0.04469390394802996, 'ngram_range': (1, 2), 'vectorizer': 'tfidf'}","{'n_components': 50, 'factorizer': 'nmf'}","{'max_depth': 3, 'max_features': 0.5192812870980347, 'min_samples_leaf': 3, 'min_samples_split': 6, 'n_estimators': 200, 'multi': 'ClassifierChain', 'classifier': 'random_forest'}",91
0.02553796132743501,0.02562942008486563,23.441915464001795,3.3345822070004942,title,"{'max_df': 0.9593168040362621, 'min_df': 0.030686863703032963, 'ngram_range': (1, 3), 'vectorizer': 'bow'}","{'doc_topic_prior': 43.62319673142077, 'n_components': 40, 'topic_word_prior': 0.016458838146499302, 'factorizer': 'lda'}","{'C': 0.17941368892881376, 'multi': 'BinaryRelevance', 'classifier': 'logistic_regression'}",92
0.020905381958013537,0.020667923935250666,123.00831610700334,33.46835196000029,title,"{'max_df': 0.9728485098397203, 'min_df': 0.005244407400435378, 'ngram_range': (1, 3), 'vectorizer': 'bow'}","{'n_components': 35, 'factorizer': 'nmf'}","{'max_depth': 3, 'max_features': 0.3353965131341529, 'min_samples_leaf': 3, 'min_samples_split': 6, 'n_estimators': 200, 'multi': 'ClassifierChain', 'classifier': 'random_forest'}",93
0.025531396057711847,0.025613704227565613,187.90103160999934,59.29780176500208,title,"{'max_df': 0.9787411444994605, 'min_df': 0.02640165668359449, 'ngram_range': (1, 3), 'vectorizer': 'bow'}","{'n_components': 50, 'factorizer': 'nmf'}","{'max_depth': 8, 'max_features': 0.5990989743868549, 'min_samples_leaf': 3, 'min_samples_split': 6, 'n_estimators': 200, 'multi': 'ClassifierChain', 'classifier': 'random_forest'}",94
0.03531364794522689,0.03504007543611504,0.9837467399993329,2.4084649840006023,title,"{'max_df': 0.9805304185910217, 'min_df': 0.048842560248670445, 'ngram_range': (1, 3), 'vectorizer': 'tfidf'}","{'n_components': 25, 'factorizer': 'nmf'}","{'alpha': 0.2533650809250194, 'multi': 'ClassifierChain', 'classifier': 'naive_bayes'}",95
0.04167289325184062,0.04171145685997171,87.96950634699897,349.42072845499933,title,"{'max_df': 0.9618476436677833, 'min_df': 0.0326269125785232, 'ngram_range': (1, 3), 'vectorizer': 'bow'}","{'n_components': 20, 'factorizer': 'nmf'}","{'C': 0.10555447245537927, 'gamma': 17.401799840349312, 'kernel': 'rbf', 'multi': 'ClassifierChain', 'classifier': 'svm'}",96
0.027112688165319743,0.027243438629577243,64.80678358799923,44.312021390000154,title,"{'max_df': 0.9572045238367338, 'min_df': 0.04442363334875074, 'ngram_range': (1, 3), 'vectorizer': 'bow'}","{'doc_topic_prior': 2.9932889247602, 'n_components': 50, 'topic_word_prior': 0.0010299526117193891, 'factorizer': 'lda'}","{'max_depth': 2, 'max_features': 0.24159821144654264, 'min_samples_leaf': 8, 'min_samples_split': 10, 'n_estimators': 250, 'multi': 'BinaryRelevance', 'classifier': 'random_forest'}",97
0.023131321026057867,0.023083451202263083,56.569435628000065,68.02389257200048,title,"{'max_df': 0.984605571824838, 'min_df': 0.01751621502257484, 'ngram_range': (1, 1), 'vectorizer': 'bow'}","{'n_components': 45, 'factorizer': 'nmf'}","{'colsample_bytree': 0.3921338707044961, 'gamma': 0.39786171176217316, 'learning_rate': 0.2658902248153358, 'max_depth': 4, 'min_child_weight': 0, 'n_estimators': 75, 'objective': 'binary:logistic', 'reg_alpha': 1.2483445980465517, 'reg_lambda': 0.3973096262188909, 'subsample': 0.5995766989011049, 'multi': 'ClassifierChain', 'classifier': 'xgb'}",98
0.029037875353664828,0.02946094609460946,90.10839299600048,38.23586718700244,title,"{'max_df': 0.9654786489833738, 'min_df': 0.015596364823823605, 'ngram_range': (1, 3), 'vectorizer': 'bow'}","{'n_components': 50, 'factorizer': 'nmf'}","{'C': 2.8519678233097387, 'multi': 'ClassifierChain', 'classifier': 'logistic_regression'}",99
0.025524518156097104,0.02560898947037561,44.11295927100218,21.50746376799725,title,"{'max_df': 0.9105889631365083, 'min_df': 0.030958407089257334, 'ngram_range': (1, 2), 'vectorizer': 'tfidf'}","{'n_components': 50, 'factorizer': 'nmf'}","{'max_depth': 3, 'max_features': 0.3834572482508086, 'min_samples_leaf': 6, 'min_samples_split': 16, 'n_estimators': 125, 'multi': 'ClassifierChain', 'classifier': 'random_forest'}",100
0.021684147999937474,0.020817224579600817,78.29457543900207,28.86487477200353,title,"{'max_df': 0.9524399960768928, 'min_df': 0.009887918448093648, 'ngram_range': (1, 3), 'vectorizer': 'bow'}","{'n_components': 15, 'factorizer': 'nmf'}","{'max_depth': 7, 'max_features': 0.436182898870516, 'min_samples_leaf': 3, 'min_samples_split': 18, 'n_estimators': 150, 'multi': 'BinaryRelevance', 'classifier': 'random_forest'}",101
0.028042142778984883,0.028195819581958197,8.76312945600148,4.339641661001224,title,"{'max_df': 0.907169352284982, 'min_df': 0.02311912646587589, 'ngram_range': (1, 1), 'vectorizer': 'bow'}","{'doc_topic_prior': 17.307635813583293, 'n_components': 30, 'topic_word_prior': 0.005842725183887436, 'factorizer': 'lda'}","{'alpha': 1.7325857786497216, 'multi': 'ClassifierChain', 'classifier': 'naive_bayes'}",102
0.022882153408469198,0.02241867043847242,76.22625898299884,24.458335336003074,title,"{'max_df': 0.9822001900994858, 'min_df': 0.013503217654679923, 'ngram_range': (1, 3), 'vectorizer': 'bow'}","{'n_components': 35, 'factorizer': 'nmf'}","{'max_depth': 9, 'max_features': 0.5160172163326305, 'min_samples_leaf': 5, 'min_samples_split': 6, 'n_estimators': 100, 'multi': 'ClassifierChain', 'classifier': 'random_forest'}",103
0.021646006909164805,0.020853371051390852,114.35318394300339,428.3411991819994,title,"{'max_df': 0.9358681882583073, 'min_df': 0.011665487437469878, 'ngram_range': (1, 1), 'vectorizer': 'bow'}","{'n_components': 50, 'factorizer': 'nmf'}","{'C': 1.4204780825347758, 'gamma': 0.010310627868387717, 'kernel': 'rbf', 'multi': 'ClassifierChain', 'classifier': 'svm'}",104
0.026269832585622058,0.02640892660694641,120.44240839899794,43.4011506129973,title,"{'max_df': 0.9069516440480652, 'min_df': 0.03934977595117947, 'ngram_range': (1, 3), 'vectorizer': 'tfidf'}","{'n_components': 40, 'factorizer': 'nmf'}","{'max_depth': 11, 'max_features': 0.33564054264156445, 'min_samples_leaf': 9, 'min_samples_split': 4, 'n_estimators': 200, 'multi': 'ClassifierChain', 'classifier': 'random_forest'}",105
0.02108170634486424,0.01856042747131856,60.15151301900187,14.952437026000553,title,"{'max_df': 0.9483708709585114, 'min_df': 0.00855221314535658, 'ngram_range': (1, 3), 'vectorizer': 'bow'}","{'n_components': 20, 'factorizer': 'nmf'}","{'max_depth': 13, 'max_features': 0.6248672719831837, 'min_samples_leaf': 1, 'min_samples_split': 12, 'n_estimators': 50, 'multi': 'BinaryRelevance', 'classifier': 'random_forest'}",106
0.02375564691354165,0.023303473204463302,181.55702720899717,18.378413260001253,title,"{'max_df': 0.9691357685492746, 'min_df': 0.019975217556586187, 'ngram_range': (1, 3), 'vectorizer': 'bow'}","{'doc_topic_prior': 0.34415095298863846, 'n_components': 25, 'topic_word_prior': 1.9173384916112512, 'factorizer': 'lda'}","{'colsample_bytree': 0.8678619431037815, 'gamma': 0.22290690127184462, 'learning_rate': 0.12429379640751342, 'max_depth': 6, 'min_child_weight': 7, 'n_estimators': 175, 'objective': 'binary:logistic', 'reg_alpha': 0.7391961282584341, 'reg_lambda': 1.7037000575921468, 'subsample': 0.9189757359545994, 'multi': 'ClassifierChain', 'classifier': 'xgb'}",107
0.024282431650852705,0.02431243124312431,55.923348524000176,2.4994184960014536,title,"{'max_df': 0.925759192717159, 'min_df': 0.005017354024570312, 'ngram_range': (1, 2), 'vectorizer': 'bow'}","{'n_components': 25, 'factorizer': 'nmf'}","{'C': 2.343333335426027, 'multi': 'ClassifierChain', 'classifier': 'logistic_regression'}",108
0.02594375752270489,0.02583058305830583,30.46285029399951,14.29811360199892,title,"{'max_df': 0.9429338061732211, 'min_df': 0.006083418078540896, 'ngram_range': (1, 2), 'vectorizer': 'bow'}","{'n_components': 45, 'factorizer': 'nmf'}","{'max_depth': 3, 'max_features': 0.15775602271564487, 'min_samples_leaf': 2, 'min_samples_split': 6, 'n_estimators': 75, 'multi': 'ClassifierChain', 'classifier': 'random_forest'}",109
0.025524518156097104,0.02560898947037561,77.56785654899795,24.116196874998423,title,"{'max_df': 0.9661038024126564, 'min_df': 0.03198090165965246, 'ngram_range': (1, 2), 'vectorizer': 'tfidf'}","{'n_components': 50, 'factorizer': 'nmf'}","{'max_depth': 15, 'max_features': 0.537206621115138, 'min_samples_leaf': 3, 'min_samples_split': 2, 'n_estimators': 75, 'multi': 'ClassifierChain', 'classifier': 'random_forest'}",110
0.0577343566817251,0.0585997171145686,1.0770373909981572,3.0196605440032727,title,"{'max_df': 0.9721540157259461, 'min_df': 0.015972882545656285, 'ngram_range': (1, 1), 'vectorizer': 'bow'}","{'n_components': 50, 'factorizer': 'nmf'}","{'alpha': 1.1647661617922962, 'multi': 'ClassifierChain', 'classifier': 'naive_bayes'}",111
0.02555859503227924,0.02559013044161559,28.177989887997683,75.25122899999769,title,"{'max_df': 0.9755228033147401, 'min_df': 0.03699839320394105, 'ngram_range': (1, 2), 'vectorizer': 'bow'}","{'doc_topic_prior': 0.021218555719643324, 'n_components': 15, 'topic_word_prior': 99.5228021391814, 'factorizer': 'lda'}","{'C': 22.224412104705653, 'gamma': 0.06586469657620168, 'kernel': 'rbf', 'multi': 'BinaryRelevance', 'classifier': 'svm'}",112
0.022436027699185596,0.02231808895175232,44.653489203999925,22.234794133000833,title,"{'max_df': 0.9865701690308661, 'min_df': 0.010678653937822809, 'ngram_range': (1, 3), 'vectorizer': 'bow'}","{'n_components': 15, 'factorizer': 'nmf'}","{'max_depth': 4, 'max_features': 0.2707120031655911, 'min_samples_leaf': 3, 'min_samples_split': 6, 'n_estimators': 125, 'multi': 'ClassifierChain', 'classifier': 'random_forest'}",113
0.019964672596251544,0.01904761904761905,301.5200295880022,44.23746114599999,title,"{'max_df': 0.956241145648043, 'min_df': 0.007710086370049745, 'ngram_range': (1, 2), 'vectorizer': 'bow'}","{'n_components': 40, 'factorizer': 'nmf'}","{'max_depth': 8, 'max_features': 0.5826590307439559, 'min_samples_leaf': 7, 'min_samples_split': 20, 'n_estimators': 200, 'multi': 'ClassifierChain', 'classifier': 'random_forest'}",114
0.03737201631938474,0.03714914348577715,284.79862697299905,19.092219311001827,title,"{'max_df': 0.9695826327006459, 'min_df': 0.02799621895946967, 'ngram_range': (1, 2), 'vectorizer': 'tfidf'}","{'n_components': 50, 'factorizer': 'nmf'}","{'colsample_bytree': 0.6050943600832779, 'gamma': 0.06641060708416607, 'learning_rate': 0.18006960425217713, 'max_depth': 11, 'min_child_weight': 3, 'n_estimators': 200, 'objective': 'binary:hinge', 'reg_alpha': 1.7005464704289066, 'reg_lambda': 0.43063785049425596, 'subsample': 0.7378609990415979, 'multi': 'ClassifierChain', 'classifier': 'xgb'}",115
0.02422021790442843,0.024265283671224266,26.903863039002317,19.48918329300068,title,"{'max_df': 0.9808447726271226, 'min_df': 0.018459567706192663, 'ngram_range': (1, 2), 'vectorizer': 'bow'}","{'n_components': 35, 'factorizer': 'nmf'}","{'C': 0.07456364057021049, 'multi': 'ClassifierChain', 'classifier': 'logistic_regression'}",116
0.025546715020399232,0.02558855885588559,130.1219574889983,34.45658847099912,title,"{'max_df': 0.9672474183073622, 'min_df': 0.028908358289185195, 'ngram_range': (1, 3), 'vectorizer': 'bow'}","{'doc_topic_prior': 2.261287846004626, 'n_components': 45, 'topic_word_prior': 5.183876423669304, 'factorizer': 'lda'}","{'max_depth': 9, 'max_features': 0.6440961603669084, 'min_samples_leaf': 6, 'min_samples_split': 8, 'n_estimators': 175, 'multi': 'BinaryRelevance', 'classifier': 'random_forest'}",117
0.022449783502415083,0.02186232909005186,130.62722800999836,49.42307574600272,title,"{'max_df': 0.9621810054400165, 'min_df': 0.01273591373267722, 'ngram_range': (1, 2), 'vectorizer': 'bow'}","{'n_components': 20, 'factorizer': 'nmf'}","{'max_depth': 7, 'max_features': 0.3671409476766143, 'min_samples_leaf': 4, 'min_samples_split': 18, 'n_estimators': 250, 'multi': 'ClassifierChain', 'classifier': 'random_forest'}",118
0.027968049020680598,0.028103096023888104,2.933948147998308,3.7796729499968933,title,"{'max_df': 0.9787903808956742, 'min_df': 0.009490719958560434, 'ngram_range': (1, 1), 'vectorizer': 'bow'}","{'n_components': 50, 'factorizer': 'nmf'}","{'alpha': 0.3609489777120868, 'multi': 'ClassifierChain', 'classifier': 'naive_bayes'}",119
0.02598314914104388,0.02607889360364608,312.43703775599715,1117.8638026539993,title,"{'max_df': 0.9462919920876647, 'min_df': 0.0063226532865722565, 'ngram_range': (1, 2), 'vectorizer': 'bow'}","{'n_components': 25, 'factorizer': 'nmf'}","{'C': 0.04240298233702512, 'gamma': 3.6176032124953212, 'kernel': 'rbf', 'multi': 'ClassifierChain', 'classifier': 'svm'}",120
0.02711143763775343,0.027243438629577243,52.506597817999136,23.57302741300373,title,"{'max_df': 0.9468665987032188, 'min_df': 0.04559337508083726, 'ngram_range': (1, 3), 'vectorizer': 'tfidf'}","{'n_components': 45, 'factorizer': 'nmf'}","{'max_depth': 2, 'max_features': 0.6926902585142588, 'min_samples_leaf': 8, 'min_samples_split': 10, 'n_estimators': 150, 'multi': 'ClassifierChain', 'classifier': 'random_forest'}",121
0.025773373141794193,0.025843155744145842,48.70363189699856,87.67063077800412,title,"{'max_df': 0.965128296032114, 'min_df': 0.020898444183793278, 'ngram_range': (1, 2), 'vectorizer': 'bow'}","{'n_components': 50, 'factorizer': 'nmf'}","{'max_depth': 5, 'max_features': 0.45838981334064943, 'min_samples_leaf': 1, 'min_samples_split': 12, 'n_estimators': 100, 'multi': 'BinaryRelevance', 'classifier': 'random_forest'}",122
0.025553592922013976,0.025563413484205565,70.29719860800105,10.265269811003236,title,"{'max_df': 0.9596015804037862, 'min_df': 0.032596392259907805, 'ngram_range': (1, 3), 'vectorizer': 'bow'}","{'doc_topic_prior': 2.1600219440341264, 'n_components': 35, 'topic_word_prior': 0.05684474554048514, 'factorizer': 'lda'}","{'colsample_bytree': 0.39110327011070994, 'gamma': 0.3377907641836631, 'learning_rate': 0.19909980478828387, 'max_depth': 12, 'min_child_weight': 0, 'n_estimators': 50, 'objective': 'binary:logistic', 'reg_alpha': 0.24309551471061397, 'reg_lambda': 0.9321531054042241, 'subsample': 0.6126291279792042, 'multi': 'ClassifierChain', 'classifier': 'xgb'}",123
0.027146452409610305,0.027123998114097124,35.760255080000206,23.572372262999124,title,"{'max_df': 0.928886956807845, 'min_df': 0.023953302022457598, 'ngram_range': (1, 2), 'vectorizer': 'bow'}","{'n_components': 50, 'factorizer': 'nmf'}","{'C': 0.011538373780948763, 'multi': 'ClassifierChain', 'classifier': 'logistic_regression'}",124
0.024276179013021117,0.024207134999214206,44.8379984580024,18.34798949099786,title,"{'max_df': 0.9162654201443587, 'min_df': 0.015299153444689684, 'ngram_range': (1, 2), 'vectorizer': 'bow'}","{'n_components': 40, 'factorizer': 'nmf'}","{'max_depth': 14, 'max_features': 0.4945257831963826, 'min_samples_leaf': 3, 'min_samples_split': 16, 'n_estimators': 50, 'multi': 'ClassifierChain', 'classifier': 'random_forest'}",125
0.026453660137870663,0.026558227251296557,26.967245605002972,16.970144002996676,title,"{'max_df': 0.9003345076890664, 'min_df': 0.040260910843961974, 'ngram_range': (1, 2), 'vectorizer': 'tfidf'}","{'n_components': 15, 'factorizer': 'nmf'}","{'max_depth': 6, 'max_features': 0.3962960068476584, 'min_samples_leaf': 2, 'min_samples_split': 2, 'n_estimators': 75, 'multi': 'ClassifierChain', 'classifier': 'random_forest'}",126
0.036934019039282194,0.03815338676724815,0.9534215799940284,4.066592605995538,title,"{'max_df': 0.9745457339189306, 'min_df': 0.013817434577462578, 'ngram_range': (1, 1), 'vectorizer': 'bow'}","{'n_components': 50, 'factorizer': 'nmf'}","{'alpha': 0.6182388951411586, 'multi': 'BinaryRelevance', 'classifier': 'naive_bayes'}",127
0.024185203132571553,0.024185132798994185,65.47583499699977,25.913069016001828,title,"{'max_df': 0.9527673086166726, 'min_df': 0.016905517485462006, 'ngram_range': (1, 3), 'vectorizer': 'bow'}","{'doc_topic_prior': 0.003412053170558561, 'n_components': 30, 'topic_word_prior': 0.005223752765822146, 'factorizer': 'lda'}","{'max_depth': 12, 'max_features': 0.43322690735714475, 'min_samples_leaf': 9, 'min_samples_split': 6, 'n_estimators': 75, 'multi': 'ClassifierChain', 'classifier': 'random_forest'}",128
0.03205195942038047,0.031153543925821155,434.1903863979969,1425.4584266649981,title,"{'max_df': 0.9703262319426823, 'min_df': 0.012239224512453035, 'ngram_range': (1, 2), 'vectorizer': 'bow'}","{'n_components': 35, 'factorizer': 'nmf'}","{'C': 0.5303875239958111, 'gamma': 28.04993271650056, 'kernel': 'rbf', 'multi': 'ClassifierChain', 'classifier': 'svm'}",129
0.0208878745720851,0.01922992299229923,269.2421732369985,48.32338992199948,title,"{'max_df': 0.9856358930973851, 'min_df': 0.007328872139628229, 'ngram_range': (1, 2), 'vectorizer': 'bow'}","{'n_components': 20, 'factorizer': 'nmf'}","{'max_depth': 11, 'max_features': 0.5477000106389857, 'min_samples_leaf': 5, 'min_samples_split': 4, 'n_estimators': 200, 'multi': 'ClassifierChain', 'classifier': 'random_forest'}",130
0.025566410829568724,0.025665566556655667,128.83626083499985,12.042690526002843,title,"{'max_df': 0.9248061786827282, 'min_df': 0.03675014722750726, 'ngram_range': (1, 3), 'vectorizer': 'tfidf'}","{'n_components': 50, 'factorizer': 'nmf'}","{'colsample_bytree': 0.6925886085511306, 'gamma': 0.17543282444224176, 'learning_rate': 0.11968250547779116, 'max_depth': 9, 'min_child_weight': 9, 'n_estimators': 100, 'objective': 'binary:hinge', 'reg_alpha': 0.009535632019154305, 'reg_lambda': 1.1610928136786258, 'subsample': 0.7538557626314089, 'multi': 'ClassifierChain', 'classifier': 'xgb'}",131
0.02346083503978241,0.023474776049033474,14.968549140001414,1.4385928109986708,title,"{'max_df': 0.9881061181899753, 'min_df': 0.019317917542464376, 'ngram_range': (1, 3), 'vectorizer': 'bow'}","{'n_components': 25, 'factorizer': 'nmf'}","{'C': 0.495977729409068, 'multi': 'BinaryRelevance', 'classifier': 'logistic_regression'}",132
0.025081206133837713,0.024912776991984912,234.8027966199952,39.86775437399774,title,"{'max_df': 0.9773465953830722, 'min_df': 0.02188469180515171, 'ngram_range': (1, 2), 'vectorizer': 'bow'}","{'doc_topic_prior': 34.219680247451535, 'n_components': 40, 'topic_word_prior': 0.19066502838906876, 'factorizer': 'lda'}","{'max_depth': 13, 'max_features': 0.7086102999518024, 'min_samples_leaf': 3, 'min_samples_split': 20, 'n_estimators': 125, 'multi': 'ClassifierChain', 'classifier': 'random_forest'}",133
0.020351710878026667,0.01936979412226937,54.41380199199921,24.400370479997946,title,"{'max_df': 0.9368739107194096, 'min_df': 0.008513972798459122, 'ngram_range': (1, 3), 'vectorizer': 'bow'}","{'n_components': 50, 'factorizer': 'nmf'}","{'max_depth': 9, 'max_features': 0.20986132525191137, 'min_samples_leaf': 3, 'min_samples_split': 6, 'n_estimators': 75, 'multi': 'ClassifierChain', 'classifier': 'random_forest'}",134
0.05618526565894987,0.05461103253182461,8.238959771995724,5.7064342699959525,title,"{'max_df': 0.9819991343520497, 'min_df': 0.04069719429577051, 'ngram_range': (1, 1), 'vectorizer': 'bow'}","{'n_components': 45, 'factorizer': 'nmf'}","{'alpha': 1.1750043243059893, 'multi': 'ClassifierChain', 'classifier': 'naive_bayes'}",135
0.028042142778984883,0.028195819581958197,95.64659084199957,28.267308087000856,title,"{'max_df': 0.9548210961950703, 'min_df': 0.04985746283695159, 'ngram_range': (1, 2), 'vectorizer': 'tfidf'}","{'n_components': 50, 'factorizer': 'nmf'}","{'max_depth': 3, 'max_features': 0.6557982047094605, 'min_samples_leaf': 6, 'min_samples_split': 6, 'n_estimators': 175, 'multi': 'ClassifierChain', 'classifier': 'random_forest'}",136
0.028042142778984883,0.028195819581958197,30.426682796998648,104.19803466399753,title,"{'max_df': 0.9606623133832497, 'min_df': 0.04684559016633838, 'ngram_range': (1, 2), 'vectorizer': 'bow'}","{'n_components': 15, 'factorizer': 'nmf'}","{'C': 3.9634501609263566, 'gamma': 0.29635827562803624, 'kernel': 'rbf', 'multi': 'BinaryRelevance', 'classifier': 'svm'}",137
0.025532333953386586,0.025596416784535597,79.80925898499845,25.904569186997833,title,"{'max_df': 0.9683547297575092, 'min_df': 0.0343163065741308, 'ngram_range': (1, 2), 'vectorizer': 'bow'}","{'doc_topic_prior': 0.11431573665906382, 'n_components': 50, 'topic_word_prior': 0.8354914493777761, 'factorizer': 'lda'}","{'max_depth': 9, 'max_features': 0.35689582716244916, 'min_samples_leaf': 7, 'min_samples_split': 8, 'n_estimators': 100, 'multi': 'ClassifierChain', 'classifier': 'random_forest'}",138
0.025765557344504714,0.02594216564513594,151.38713056199776,29.714342068000406,title,"{'max_df': 0.9631943176054252, 'min_df': 0.026771866566830175, 'ngram_range': (1, 3), 'vectorizer': 'bow'}","{'n_components': 50, 'factorizer': 'nmf'}","{'colsample_bytree': 0.8701281590978472, 'gamma': 0.44511049380718914, 'learning_rate': 0.2569284762738942, 'max_depth': 5, 'min_child_weight': 5, 'n_estimators': 125, 'objective': 'binary:logistic', 'reg_alpha': 1.1961159007510445, 'reg_lambda': 0.58947070484706, 'subsample': 0.5035370589942798, 'multi': 'ClassifierChain', 'classifier': 'xgb'}",139
0.023961046066309225,0.02367908219393368,76.63429716700193,3.2295978129986906,title,"{'max_df': 0.9554537886802609, 'min_df': 0.011111377825349471, 'ngram_range': (1, 2), 'vectorizer': 'bow'}","{'n_components': 40, 'factorizer': 'nmf'}","{'C': 28.844008482489095, 'multi': 'ClassifierChain', 'classifier': 'logistic_regression'}",140
0.024429368639894956,0.02452302373094452,60.172537630998704,28.026325569997425,title,"{'max_df': 0.9599335623441322, 'min_df': 0.018557975150590683, 'ngram_range': (1, 3), 'vectorizer': 'tfidf'}","{'n_components': 35, 'factorizer': 'nmf'}","{'max_depth': 5, 'max_features': 0.40652724753055586, 'min_samples_leaf': 4, 'min_samples_split': 18, 'n_estimators': 150, 'multi': 'ClassifierChain', 'classifier': 'random_forest'}",141
0.02106076000812843,0.01996856828539997,206.27585334800096,57.00336389400036,title,"{'max_df': 0.9427887804418918, 'min_df': 0.010092738126431668, 'ngram_range': (1, 3), 'vectorizer': 'bow'}","{'n_components': 50, 'factorizer': 'nmf'}","{'max_depth': 15, 'max_features': 0.28301862577052106, 'min_samples_leaf': 3, 'min_samples_split': 6, 'n_estimators': 250, 'multi': 'BinaryRelevance', 'classifier': 'random_forest'}",142
0.028042142778984883,0.028195819581958197,11.385637945997587,4.266245869999693,title,"{'max_df': 0.9713086116803634, 'min_df': 0.00503878437911869, 'ngram_range': (1, 1), 'vectorizer': 'bow'}","{'doc_topic_prior': 5.514364325471785, 'n_components': 25, 'topic_word_prior': 36.644180128190804, 'factorizer': 'lda'}","{'alpha': 1.7469594005033255, 'multi': 'ClassifierChain', 'classifier': 'naive_bayes'}",143
0.023594954121269912,0.023342762847713344,24.034988252002222,12.340849068998068,title,"{'max_df': 0.9509116847977386, 'min_df': 0.006331975513478043, 'ngram_range': (1, 2), 'vectorizer': 'bow'}","{'n_components': 20, 'factorizer': 'nmf'}","{'max_depth': 6, 'max_features': 0.14027697792489335, 'min_samples_leaf': 8, 'min_samples_split': 12, 'n_estimators': 50, 'multi': 'ClassifierChain', 'classifier': 'random_forest'}",144
0.027328404170509434,0.0274996071035675,72.91572948200337,264.2267884460016,title,"{'max_df': 0.9485539470984085, 'min_df': 0.028696009063177763, 'ngram_range': (1, 3), 'vectorizer': 'bow'}","{'n_components': 50, 'factorizer': 'nmf'}","{'C': 0.13971089861842628, 'gamma': 0.019158578994835612, 'kernel': 'rbf', 'multi': 'ClassifierChain', 'classifier': 'svm'}",145
0.019965297860034703,0.01856042747131856,111.62484346100246,11.923321652997402,title,"{'max_df': 0.9734873194346962, 'min_df': 0.007491540368793653, 'ngram_range': (1, 3), 'vectorizer': 'bow'}","{'n_components': 50, 'factorizer': 'nmf'}","{'colsample_bytree': 0.6094981223108571, 'gamma': 0.2435972002692545, 'learning_rate': 0.22280011160906935, 'max_depth': 2, 'min_child_weight': 1, 'n_estimators': 175, 'objective': 'binary:logistic', 'reg_alpha': 1.7638333459402968, 'reg_lambda': 1.196703738815096, 'subsample': 0.7892476560643901, 'multi': 'ClassifierChain', 'classifier': 'xgb'}",146
0.020856611382927173,0.019671538582429673,116.62294081800064,11.58731389699824,title,"{'max_df': 0.9583705403243871, 'min_df': 0.0090473806102121, 'ngram_range': (1, 3), 'vectorizer': 'bow'}","{'n_components': 50, 'factorizer': 'nmf'}","{'colsample_bytree': 0.771888569736765, 'gamma': 0.19414692561792848, 'learning_rate': 0.2956453316773362, 'max_depth': 2, 'min_child_weight': 1, 'n_estimators': 175, 'objective': 'binary:logistic', 'reg_alpha': 1.547442256204992, 'reg_lambda': 1.5790449429656048, 'subsample': 0.9442462048801049, 'multi': 'ClassifierChain', 'classifier': 'xgb'}",147
0.019431009957325746,0.01815967311016816,80.18465439500142,11.264316599997983,title,"{'max_df': 0.9638294537341501, 'min_df': 0.006904046599441225, 'ngram_range': (1, 3), 'vectorizer': 'bow'}","{'n_components': 50, 'factorizer': 'nmf'}","{'colsample_bytree': 0.3978162113010868, 'gamma': 0.29652804651845843, 'learning_rate': 0.1937091106853942, 'max_depth': 2, 'min_child_weight': 1, 'n_estimators': 150, 'objective': 'binary:logistic', 'reg_alpha': 1.8242721385060552, 'reg_lambda': 1.798540635806258, 'subsample': 0.8520424343529224, 'multi': 'ClassifierChain', 'classifier': 'xgb'}",148
0.020027198974567395,0.015217664623605218,193.3421580840004,18.986219844002335,title,"{'max_df': 0.9647248124221453, 'min_df': 0.006030547845215544, 'ngram_range': (1, 3), 'vectorizer': 'bow'}","{'n_components': 50, 'factorizer': 'nmf'}","{'colsample_bytree': 0.3746749333872766, 'gamma': 0.3095973868435473, 'learning_rate': 0.14146048927186533, 'max_depth': 8, 'min_child_weight': 1, 'n_estimators': 150, 'objective': 'binary:logistic', 'reg_alpha': 1.8687160488569465, 'reg_lambda': 1.8957216249633149, 'subsample': 0.8493053422081556, 'multi': 'ClassifierChain', 'classifier': 'xgb'}",149
0.02326919169024432,0.023264183561213264,111.19828997600416,19.535064705996774,title,"{'max_df': 0.9537273810963646, 'min_df': 0.01457526690818765, 'ngram_range': (1, 3), 'vectorizer': 'bow'}","{'n_components': 50, 'factorizer': 'nmf'}","{'colsample_bytree': 0.45517884615742804, 'gamma': 0.07100158123747624, 'learning_rate': 0.18093714212462472, 'max_depth': 4, 'min_child_weight': 4, 'n_estimators': 150, 'objective': 'binary:logistic', 'reg_alpha': 0.8460435053509714, 'reg_lambda': 1.7654017529887809, 'subsample': 0.710225623883852, 'multi': 'ClassifierChain', 'classifier': 'xgb'}",150
0.021573788942209994,0.021291843470061293,166.39173398300045,15.43030251100572,title,"{'max_df': 0.9770299773534434, 'min_df': 0.01169407565803987, 'ngram_range': (1, 3), 'vectorizer': 'bow'}","{'n_components': 50, 'factorizer': 'nmf'}","{'colsample_bytree': 0.5546082079298238, 'gamma': 0.27416172323271026, 'learning_rate': 0.08767474397310972, 'max_depth': 9, 'min_child_weight': 10, 'n_estimators': 150, 'objective': 'binary:logistic', 'reg_alpha': 1.0762172801675987, 'reg_lambda': 1.4648775914602077, 'subsample': 0.641786478712, 'multi': 'ClassifierChain', 'classifier': 'xgb'}",151
0.019829615619089302,0.01561999057048562,120.25578595200204,15.758662289001222,title,"{'max_df': 0.9838267341925652, 'min_df': 0.005155195442669333, 'ngram_range': (1, 3), 'vectorizer': 'bow'}","{'n_components': 50, 'factorizer': 'nmf'}","{'colsample_bytree': 0.3382600364528838, 'gamma': 0.36447512113744857, 'learning_rate': 0.24754787581771523, 'max_depth': 12, 'min_child_weight': 8, 'n_estimators': 150, 'objective': 'binary:logistic', 'reg_alpha': 1.481057531481396, 'reg_lambda': 1.0857808017854742, 'subsample': 0.5597227002325755, 'multi': 'ClassifierChain', 'classifier': 'xgb'}",152
0.020957591483907273,0.020685211378280687,31.28093875900231,6.9155291770002805,title,"{'max_df': 0.967769003987161, 'min_df': 0.008170826552489597, 'ngram_range': (1, 3), 'vectorizer': 'bow'}","{'n_components': 25, 'factorizer': 'nmf'}","{'colsample_bytree': 0.4423848944139795, 'gamma': 0.44204222691997047, 'learning_rate': 0.09880583942688621, 'max_depth': 2, 'min_child_weight': 7, 'n_estimators': 75, 'objective': 'binary:logistic', 'reg_alpha': 0.5951015766590115, 'reg_lambda': 1.4680820333180051, 'subsample': 0.8864778034830838, 'multi': 'ClassifierChain', 'classifier': 'xgb'}",153
0.020931643036906193,0.02017916077322018,106.74613071399654,10.750090300003649,title,"{'max_df': 0.979849240358452, 'min_df': 0.009851383115435684, 'ngram_range': (1, 3), 'vectorizer': 'bow'}","{'n_components': 45, 'factorizer': 'nmf'}","{'colsample_bytree': 0.7896724966737463, 'gamma': 0.26952519850529477, 'learning_rate': 0.15826020485654507, 'max_depth': 3, 'min_child_weight': 3, 'n_estimators': 125, 'objective': 'binary:logistic', 'reg_alpha': 1.8326938816009037, 'reg_lambda': 1.8288281979783478, 'subsample': 0.9560917818518849, 'multi': 'ClassifierChain', 'classifier': 'xgb'}",154
0.023847248057774374,0.023174603174603174,175.39448592600093,11.790389282003161,title,"{'max_df': 0.9639112100185993, 'min_df': 0.012917229055653467, 'ngram_range': (1, 3), 'vectorizer': 'bow'}","{'n_components': 50, 'factorizer': 'nmf'}","{'colsample_bytree': 0.940054888856221, 'gamma': 0.07159696974805496, 'learning_rate': 0.19634312530802947, 'max_depth': 7, 'min_child_weight': 1, 'n_estimators': 100, 'objective': 'binary:hinge', 'reg_alpha': 1.1147185096348156, 'reg_lambda': 0.8847109097702069, 'subsample': 0.6326474285268044, 'multi': 'ClassifierChain', 'classifier': 'xgb'}",155
0.019803667172088226,0.01739116768819739,108.3542120130005,10.942625010000484,title,"{'max_df': 0.9010227086408429, 'min_df': 0.007225680407688836, 'ngram_range': (1, 3), 'vectorizer': 'bow'}","{'n_components': 50, 'factorizer': 'nmf'}","{'colsample_bytree': 0.6640551296540637, 'gamma': 0.15341625899959363, 'learning_rate': 0.14063829226443994, 'max_depth': 11, 'min_child_weight': 1, 'n_estimators': 50, 'objective': 'binary:logistic', 'reg_alpha': 1.6147818737547306, 'reg_lambda': 1.9723297718839907, 'subsample': 0.8225139582113744, 'multi': 'ClassifierChain', 'classifier': 'xgb'}",156
0.02460444249917934,0.019572528681439574,202.63507446799485,18.382447247000528,title,"{'max_df': 0.9503723932049059, 'min_df': 0.011094227006253524, 'ngram_range': (1, 2), 'vectorizer': 'bow'}","{'n_components': 15, 'factorizer': 'nmf'}","{'colsample_bytree': 0.910808837356162, 'gamma': 0.30493973198624436, 'learning_rate': 0.27877988553183736, 'max_depth': 15, 'min_child_weight': 4, 'n_estimators': 200, 'objective': 'binary:hinge', 'reg_alpha': 1.3104191143176647, 'reg_lambda': 1.0369989217963744, 'subsample': 0.8978367282712434, 'multi': 'ClassifierChain', 'classifier': 'xgb'}",157
0.023909461804198645,0.023897532610403897,39.48610685699532,63.11337242699665,title,"{'max_df': 0.9898886311983796, 'min_df': 0.017899083659609783, 'ngram_range': (1, 3), 'vectorizer': 'bow'}","{'n_components': 40, 'factorizer': 'nmf'}","{'max_depth': 4, 'max_features': 0.5731682321087359, 'min_samples_leaf': 1, 'min_samples_split': 6, 'n_estimators': 75, 'multi': 'ClassifierChain', 'classifier': 'random_forest'}",158
0.01944195207353102,0.01779192204934779,367.4997344450021,48.769575735001126,title,"{'max_df': 0.9665938699453664, 'min_df': 0.005896568662724775, 'ngram_range': (1, 2), 'vectorizer': 'bow'}","{'n_components': 50, 'factorizer': 'nmf'}","{'max_depth': 9, 'max_features': 0.4520402561486013, 'min_samples_leaf': 3, 'min_samples_split': 20, 'n_estimators': 200, 'multi': 'ClassifierChain', 'classifier': 'random_forest'}",159
0.03090772669720038,0.0312949866415213,68.33545845199842,2.8038506189986947,title,"{'max_df': 0.9469778967388881, 'min_df': 0.016308844161284405, 'ngram_range': (1, 2), 'vectorizer': 'bow'}","{'n_components': 35, 'factorizer': 'nmf'}","{'C': 96.6338966356994, 'multi': 'ClassifierChain', 'classifier': 'logistic_regression'}",160
0.019431635221108905,0.017986798679867987,95.08324720299424,23.926293254000484,title,"{'max_df': 0.9571054888619912, 'min_df': 0.0067459977778278855, 'ngram_range': (1, 2), 'vectorizer': 'bow'}","{'n_components': 50, 'factorizer': 'nmf'}","{'max_depth': 9, 'max_features': 0.29771683098117957, 'min_samples_leaf': 2, 'min_samples_split': 20, 'n_estimators': 75, 'multi': 'ClassifierChain', 'classifier': 'random_forest'}",161
0.021519390993075205,0.018896746817538897,136.3422470259975,13.962136677997478,title,"{'max_df': 0.9576262509577212, 'min_df': 0.009174656109052007, 'ngram_range': (1, 2), 'vectorizer': 'bow'}","{'n_components': 20, 'factorizer': 'nmf'}","{'colsample_bytree': 0.5634011626294105, 'gamma': 0.45209162862287594, 'learning_rate': 0.17143206617810994, 'max_depth': 13, 'min_child_weight': 7, 'n_estimators': 150, 'objective': 'binary:logistic', 'reg_alpha': 1.3697227330806863, 'reg_lambda': 1.639845669937576, 'subsample': 0.9996519071565129, 'multi': 'ClassifierChain', 'classifier': 'xgb'}",162
0.025019930283088177,0.025093509350935093,46.02854898700025,23.438027138996404,title,"{'max_df': 0.9798629919863081, 'min_df': 0.024468294096624852, 'ngram_range': (1, 2), 'vectorizer': 'tfidf'}","{'n_components': 50, 'factorizer': 'nmf'}","{'max_depth': 9, 'max_features': 0.22936915818041123, 'min_samples_leaf': 2, 'min_samples_split': 20, 'n_estimators': 75, 'multi': 'ClassifierChain', 'classifier': 'random_forest'}",163
0.02596032701295859,0.026027031274556026,79.48605264499929,383.6853420479965,title,"{'max_df': 0.9398169131387969, 'min_df': 0.014808921573720234, 'ngram_range': (1, 2), 'vectorizer': 'bow'}","{'n_components': 45, 'factorizer': 'nmf'}","{'C': 0.020143850391726496, 'gamma': 3.3947501678206433, 'kernel': 'rbf', 'multi': 'BinaryRelevance', 'classifier': 'svm'}",164
0.028042142778984883,0.028195819581958197,12.743044570997881,5.448722953005927,title,"{'max_df': 0.9557044063476203, 'min_df': 0.010594617252372948, 'ngram_range': (1, 2), 'vectorizer': 'bow'}","{'doc_topic_prior': 0.4715391219304007, 'n_components': 40, 'topic_word_prior': 8.561035228649535, 'factorizer': 'lda'}","{'alpha': 0.18322171152395283, 'multi': 'ClassifierChain', 'classifier': 'naive_bayes'}",165
0.022854016538227065,0.022252082351092252,40.144532099999196,18.6729111359964,title,"{'max_df': 0.9605778113689488, 'min_df': 0.013227598747954823, 'ngram_range': (1, 2), 'vectorizer': 'bow'}","{'n_components': 25, 'factorizer': 'nmf'}","{'max_depth': 9, 'max_features': 0.31097556128277265, 'min_samples_leaf': 2, 'min_samples_split': 20, 'n_estimators': 75, 'multi': 'ClassifierChain', 'classifier': 'random_forest'}",166
0.019554499554499553,0.01883074021687883,57.081229565003014,24.196397756997612,title,"{'max_df': 0.9627339577084694, 'min_df': 0.006976990735230599, 'ngram_range': (1, 2), 'vectorizer': 'bow'}","{'n_components': 50, 'factorizer': 'nmf'}","{'max_depth': 9, 'max_features': 0.1840898110463931, 'min_samples_leaf': 9, 'min_samples_split': 20, 'n_estimators': 75, 'multi': 'ClassifierChain', 'classifier': 'random_forest'}",167
0.032422428211901895,0.032605689140342606,86.6912327060054,60.661088358996494,title,"{'max_df': 0.9457477317465874, 'min_df': 0.0202312627533746, 'ngram_range': (1, 2), 'vectorizer': 'bow'}","{'n_components': 50, 'factorizer': 'nmf'}","{'C': 2.5811590675041063, 'multi': 'ClassifierChain', 'classifier': 'logistic_regression'}",168
0.029128225970331233,0.029156058462989156,117.27543348699692,11.315649579999445,title,"{'max_df': 0.9169702810592875, 'min_df': 0.032731174123335066, 'ngram_range': (1, 3), 'vectorizer': 'tfidf'}","{'n_components': 15, 'factorizer': 'nmf'}","{'colsample_bytree': 0.5204917974826202, 'gamma': 0.3496612578387894, 'learning_rate': 0.23841793782991777, 'max_depth': 6, 'min_child_weight': 8, 'n_estimators': 250, 'objective': 'binary:hinge', 'reg_alpha': 0.2791701675061312, 'reg_lambda': 1.3536424748190958, 'subsample': 0.7176735791743976, 'multi': 'ClassifierChain', 'classifier': 'xgb'}",169
