Code Domaine,Domaine,Code zone,Zone,Code Élément,Élément,Code Produit,Produit,Code année,Année,Unité,Valeur,Symbole,Description du Symbole,Note
"OA","Séries temporelles annuelles","2","Afghanistan","511","Population totale","3010","Population-Estimations","2012","2012","1000 personnes","30696.958","X","Sources internationales sûres","UNDESA, Population Division – World Population Prospects, the 2017 Revision"
"OA","Séries temporelles annuelles","202","Afrique du Sud","511","Population totale","3010","Population-Estimations","2012","2012","1000 personnes","52998.213","X","Sources internationales sûres","UNDESA, Population Division – World Population Prospects, the 2017 Revision"
"OA","Séries temporelles annuelles","3","Albanie","511","Population totale","3010","Population-Estimations","2012","2012","1000 personnes","2920.039","X","Sources internationales sûres","UNDESA, Population Division – World Population Prospects, the 2017 Revision"
"OA","Séries temporelles annuelles","4","Algérie","511","Population totale","3010","Population-Estimations","2012","2012","1000 personnes","37565.847","X","Sources internationales sûres","UNDESA, Population Division – World Population Prospects, the 2017 Revision"
"OA","Séries temporelles annuelles","79","Allemagne","511","Population totale","3010","Population-Estimations","2012","2012","1000 personnes","81066.228","X","Sources internationales sûres","UNDESA, Population Division – World Population Prospects, the 2017 Revision"
"OA","Séries temporelles annuelles","6","Andorre","511","Population totale","3010","Population-Estimations","2012","2012","1000 personnes","82.431","X","Sources internationales sûres","UNDESA, Population Division – World Population Prospects, the 2017 Revision"
"OA","Séries temporelles annuelles","7","Angola","511","Population totale","3010","Population-Estimations","2012","2012","1000 personnes","25096.15","X","Sources internationales sûres","UNDESA, Population Division – World Population Prospects, the 2017 Revision"
"OA","Séries temporelles annuelles","258","Anguilla","511","Population totale","3010","Population-Estimations","2012","2012","1000 personnes","14.129","X","Sources internationales sûres","UNDESA, Population Division – World Population Prospects, the 2017 Revision"
"OA","Séries temporelles annuelles","8","Antigua-et-Barbuda","511","Population totale","3010","Population-Estimations","2012","2012","1000 personnes","96.777","X","Sources internationales sûres","UNDESA, Population Division – World Population Prospects, the 2017 Revision"
"OA","Séries temporelles annuelles","194","Arabie saoudite","511","Population totale","3010","Population-Estimations","2012","2012","1000 personnes","29086.357","X","Sources internationales sûres","UNDESA, Population Division – World Population Prospects, the 2017 Revision"
"OA","Séries temporelles annuelles","9","Argentine","511","Population totale","3010","Population-Estimations","2012","2012","1000 personnes","42096.739","X","Sources internationales sûres","UNDESA, Population Division – World Population Prospects, the 2017 Revision"
"OA","Séries temporelles annuelles","1","Arménie","511","Population totale","3010","Population-Estimations","2012","2012","1000 personnes","2881.922","X","Sources internationales sûres","UNDESA, Population Division – World Population Prospects, the 2017 Revision"
"OA","Séries temporelles annuelles","22","Aruba","511","Population totale","3010","Population-Estimations","2012","2012","1000 personnes","102.577","X","Sources internationales sûres","UNDESA, Population Division – World Population Prospects, the 2017 Revision"
"OA","Séries temporelles annuelles","10","Australie","511","Population totale","3010","Population-Estimations","2012","2012","1000 personnes","22821.849","X","Sources internationales sûres","UNDESA, Population Division – World Population Prospects, the 2017 Revision"
"OA","Séries temporelles annuelles","11","Autriche","511","Population totale","3010","Population-Estimations","2012","2012","1000 personnes","8517.548","X","Sources internationales sûres","UNDESA, Population Division – World Population Prospects, the 2017 Revision"
"OA","Séries temporelles annuelles","52","Azerbaïdjan","511","Population totale","3010","Population-Estimations","2012","2012","1000 personnes","9264.917","X","Sources internationales sûres","UNDESA, Population Division – World Population Prospects, the 2017 Revision"
"OA","Séries temporelles annuelles","12","Bahamas","511","Population totale","3010","Population-Estimations","2012","2012","1000 personnes","372.039","X","Sources internationales sûres","UNDESA, Population Division – World Population Prospects, the 2017 Revision"
"OA","Séries temporelles annuelles","13","Bahreïn","511","Population totale","3010","Population-Estimations","2012","2012","1000 personnes","1300.217","X","Sources internationales sûres","UNDESA, Population Division – World Population Prospects, the 2017 Revision"
"OA","Séries temporelles annuelles","16","Bangladesh","511","Population totale","3010","Population-Estimations","2012","2012","1000 personnes","155727.053","X","Sources internationales sûres","UNDESA, Population Division – World Population Prospects, the 2017 Revision"
"OA","Séries temporelles annuelles","14","Barbade","511","Population totale","3010","Population-Estimations","2012","2012","1000 personnes","281.585","X","Sources internationales sûres","UNDESA, Population Division – World Population Prospects, the 2017 Revision"
"OA","Séries temporelles annuelles","57","Bélarus","511","Population totale","3010","Population-Estimations","2012","2012","1000 personnes","9471.73","X","Sources internationales sûres","UNDESA, Population Division – World Population Prospects, the 2017 Revision"
"OA","Séries temporelles annuelles","255","Belgique","511","Population totale","3010","Population-Estimations","2012","2012","1000 personnes","11083.55","X","Sources internationales sûres","UNDESA, Population Division – World Population Prospects, the 2017 Revision"
"OA","Séries temporelles annuelles","23","Belize","511","Population totale","3010","Population-Estimations","2012","2012","1000 personnes","336.701","X","Sources internationales sûres","UNDESA, Population Division – World Population Prospects, the 2017 Revision"
"OA","Séries temporelles annuelles","53","Bénin","511","Population totale","3010","Population-Estimations","2012","2012","1000 personnes","9729.16","X","Sources internationales sûres","UNDESA, Population Division – World Population Prospects, the 2017 Revision"
"OA","Séries temporelles annuelles","17","Bermudes","511","Population totale","3010","Population-Estimations","2012","2012","1000 personnes","63.179","X","Sources internationales sûres","UNDESA, Population Division – World Population Prospects, the 2017 Revision"
"OA","Séries temporelles annuelles","18","Bhoutan","511","Population totale","3010","Population-Estimations","2012","2012","1000 personnes","752.967","X","Sources internationales sûres","UNDESA, Population Division – World Population Prospects, the 2017 Revision"
"OA","Séries temporelles annuelles","19","Bolivie (État plurinational de)","511","Population totale","3010","Population-Estimations","2012","2012","1000 personnes","10239.004","X","Sources internationales sûres","UNDESA, Population Division – World Population Prospects, the 2017 Revision"
"OA","Séries temporelles annuelles","80","Bosnie-Herzégovine","511","Population totale","3010","Population-Estimations","2012","2012","1000 personnes","3648.2","X","Sources internationales sûres","UNDESA, Population Division – World Population Prospects, the 2017 Revision"
"OA","Séries temporelles annuelles","20","Botswana","511","Population totale","3010","Population-Estimations","2012","2012","1000 personnes","2089.315","X","Sources internationales sûres","UNDESA, Population Division – World Population Prospects, the 2017 Revision"
"OA","Séries temporelles annuelles","21","Brésil","511","Population totale","3010","Population-Estimations","2012","2012","1000 personnes","200560.983","X","Sources internationales sûres","UNDESA, Population Division – World Population Prospects, the 2017 Revision"
"OA","Séries temporelles annuelles","26","Brunéi Darussalam","511","Population totale","3010","Population-Estimations","2012","2012","1000 personnes","399.748","X","Sources internationales sûres","UNDESA, Population Division – World Population Prospects, the 2017 Revision"
"OA","Séries temporelles annuelles","27","Bulgarie","511","Population totale","3010","Population-Estimations","2012","2012","1000 personnes","7310.383","X","Sources internationales sûres","UNDESA, Population Division – World Population Prospects, the 2017 Revision"
"OA","Séries temporelles annuelles","233","Burkina Faso","511","Population totale","3010","Population-Estimations","2012","2012","1000 personnes","16571.216","X","Sources internationales sûres","UNDESA, Population Division – World Population Prospects, the 2017 Revision"
"OA","Séries temporelles annuelles","29","Burundi","511","Population totale","3010","Population-Estimations","2012","2012","1000 personnes","9319.71","X","Sources internationales sûres","UNDESA, Population Division – World Population Prospects, the 2017 Revision"
"OA","Séries temporelles annuelles","35","Cabo Verde","511","Population totale","3010","Population-Estimations","2012","2012","1000 personnes","513.979","X","Sources internationales sûres","UNDESA, Population Division – World Population Prospects, the 2017 Revision"
"OA","Séries temporelles annuelles","115","Cambodge","511","Population totale","3010","Population-Estimations","2012","2012","1000 personnes","14776.866","X","Sources internationales sûres","UNDESA, Population Division – World Population Prospects, the 2017 Revision"
"OA","Séries temporelles annuelles","32","Cameroun","511","Population totale","3010","Population-Estimations","2012","2012","1000 personnes","21082.383","X","Sources internationales sûres","UNDESA, Population Division – World Population Prospects, the 2017 Revision"
"OA","Séries temporelles annuelles","33","Canada","511","Population totale","3010","Population-Estimations","2012","2012","1000 personnes","34900.705","X","Sources internationales sûres","UNDESA, Population Division – World Population Prospects, the 2017 Revision"
"OA","Séries temporelles annuelles","40","Chili","511","Population totale","3010","Population-Estimations","2012","2012","1000 personnes","17309.746","X","Sources internationales sûres","UNDESA, Population Division – World Population Prospects, the 2017 Revision"
"OA","Séries temporelles annuelles","96","Chine - RAS de Hong-Kong","511","Population totale","3010","Population-Estimations","2012","2012","1000 personnes","7106.399","X","Sources internationales sûres","UNDESA, Population Division – World Population Prospects, the 2017 Revision"
"OA","Séries temporelles annuelles","128","Chine - RAS de Macao","511","Population totale","3010","Population-Estimations","2012","2012","1000 personnes","562.531","X","Sources internationales sûres","UNDESA, Population Division – World Population Prospects, the 2017 Revision"
"OA","Séries temporelles annuelles","41","Chine, continentale","511","Population totale","3010","Population-Estimations","2012","2012","1000 personnes","1375198.619","X","Sources internationales sûres","UNDESA, Population Division – World Population Prospects, the 2017 Revision"
"OA","Séries temporelles annuelles","214","Chine, Taiwan Province de","511","Population totale","3010","Population-Estimations","2012","2012","1000 personnes","23263.897","X","Sources internationales sûres","UNDESA, Population Division – World Population Prospects, the 2017 Revision"
"OA","Séries temporelles annuelles","50","Chypre","511","Population totale","3010","Population-Estimations","2012","2012","1000 personnes","1135.062","X","Sources internationales sûres","UNDESA, Population Division – World Population Prospects, the 2017 Revision"
"OA","Séries temporelles annuelles","44","Colombie","511","Population totale","3010","Population-Estimations","2012","2012","1000 personnes","46881.475","X","Sources internationales sûres","UNDESA, Population Division – World Population Prospects, the 2017 Revision"
"OA","Séries temporelles annuelles","45","Comores","511","Population totale","3010","Population-Estimations","2012","2012","1000 personnes","723.868","X","Sources internationales sûres","UNDESA, Population Division – World Population Prospects, the 2017 Revision"
"OA","Séries temporelles annuelles","46","Congo","511","Population totale","3010","Population-Estimations","2012","2012","1000 personnes","4633.363","X","Sources internationales sûres","UNDESA, Population Division – World Population Prospects, the 2017 Revision"
"OA","Séries temporelles annuelles","48","Costa Rica","511","Population totale","3010","Population-Estimations","2012","2012","1000 personnes","4654.122","X","Sources internationales sûres","UNDESA, Population Division – World Population Prospects, the 2017 Revision"
"OA","Séries temporelles annuelles","107","Côte d'Ivoire","511","Population totale","3010","Population-Estimations","2012","2012","1000 personnes","21418.603","X","Sources internationales sûres","UNDESA, Population Division – World Population Prospects, the 2017 Revision"
"OA","Séries temporelles annuelles","98","Croatie","511","Population totale","3010","Population-Estimations","2012","2012","1000 personnes","4296.526","X","Sources internationales sûres","UNDESA, Population Division – World Population Prospects, the 2017 Revision"
"OA","Séries temporelles annuelles","49","Cuba","511","Population totale","3010","Population-Estimations","2012","2012","1000 personnes","11382.146","X","Sources internationales sûres","UNDESA, Population Division – World Population Prospects, the 2017 Revision"
"OA","Séries temporelles annuelles","54","Danemark","511","Population totale","3010","Population-Estimations","2012","2012","1000 personnes","5610.66","X","Sources internationales sûres","UNDESA, Population Division – World Population Prospects, the 2017 Revision"
"OA","Séries temporelles annuelles","72","Djibouti","511","Population totale","3010","Population-Estimations","2012","2012","1000 personnes","881.185","X","Sources internationales sûres","UNDESA, Population Division – World Population Prospects, the 2017 Revision"
"OA","Séries temporelles annuelles","55","Dominique","511","Population totale","3010","Population-Estimations","2012","2012","1000 personnes","72.044","X","Sources internationales sûres","UNDESA, Population Division – World Population Prospects, the 2017 Revision"
"OA","Séries temporelles annuelles","59","Égypte","511","Population totale","3010","Population-Estimations","2012","2012","1000 personnes","87813.257","X","Sources internationales sûres","UNDESA, Population Division – World Population Prospects, the 2017 Revision"
"OA","Séries temporelles annuelles","60","El Salvador","511","Population totale","3010","Population-Estimations","2012","2012","1000 personnes","6221.246","X","Sources internationales sûres","UNDESA, Population Division – World Population Prospects, the 2017 Revision"
"OA","Séries temporelles annuelles","225","Émirats arabes unis","511","Population totale","3010","Population-Estimations","2012","2012","1000 personnes","8900.453","X","Sources internationales sûres","UNDESA, Population Division – World Population Prospects, the 2017 Revision"
"OA","Séries temporelles annuelles","58","Équateur","511","Population totale","3010","Population-Estimations","2012","2012","1000 personnes","15419.666","X","Sources internationales sûres","UNDESA, Population Division – World Population Prospects, the 2017 Revision"
"OA","Séries temporelles annuelles","178","Érythrée","511","Population totale","3010","Population-Estimations","2012","2012","1000 personnes","4560.977","X","Sources internationales sûres","UNDESA, Population Division – World Population Prospects, the 2017 Revision"
"OA","Séries temporelles annuelles","203","Espagne","511","Population totale","3010","Population-Estimations","2012","2012","1000 personnes","46857.404","X","Sources internationales sûres","UNDESA, Population Division – World Population Prospects, the 2017 Revision"
"OA","Séries temporelles annuelles","63","Estonie","511","Population totale","3010","Population-Estimations","2012","2012","1000 personnes","1324.934","X","Sources internationales sûres","UNDESA, Population Division – World Population Prospects, the 2017 Revision"
"OA","Séries temporelles annuelles","231","États-Unis d'Amérique","511","Population totale","3010","Population-Estimations","2012","2012","1000 personnes","313335.423","X","Sources internationales sûres","UNDESA, Population Division – World Population Prospects, the 2017 Revision"
"OA","Séries temporelles annuelles","238","Éthiopie","511","Population totale","3010","Population-Estimations","2012","2012","1000 personnes","92444.183","X","Sources internationales sûres","UNDESA, Population Division – World Population Prospects, the 2017 Revision"
"OA","Séries temporelles annuelles","185","Fédération de Russie","511","Population totale","3010","Population-Estimations","2012","2012","1000 personnes","143420.597","X","Sources internationales sûres","UNDESA, Population Division – World Population Prospects, the 2017 Revision"
"OA","Séries temporelles annuelles","66","Fidji","511","Population totale","3010","Population-Estimations","2012","2012","1000 personnes","873.596","X","Sources internationales sûres","UNDESA, Population Division – World Population Prospects, the 2017 Revision"
"OA","Séries temporelles annuelles","67","Finlande","511","Population totale","3010","Population-Estimations","2012","2012","1000 personnes","5412.98","X","Sources internationales sûres","UNDESA, Population Division – World Population Prospects, the 2017 Revision"
"OA","Séries temporelles annuelles","68","France","511","Population totale","3010","Population-Estimations","2012","2012","1000 personnes","63639.873","X","Sources internationales sûres","UNDESA, Population Division – World Population Prospects, the 2017 Revision"
"OA","Séries temporelles annuelles","74","Gabon","511","Population totale","3010","Population-Estimations","2012","2012","1000 personnes","1756.817","X","Sources internationales sûres","UNDESA, Population Division – World Population Prospects, the 2017 Revision"
"OA","Séries temporelles annuelles","75","Gambie","511","Population totale","3010","Population-Estimations","2012","2012","1000 personnes","1802.125","X","Sources internationales sûres","UNDESA, Population Division – World Population Prospects, the 2017 Revision"
"OA","Séries temporelles annuelles","73","Géorgie","511","Population totale","3010","Population-Estimations","2012","2012","1000 personnes","4107.719","X","Sources internationales sûres","UNDESA, Population Division – World Population Prospects, the 2017 Revision"
"OA","Séries temporelles annuelles","81","Ghana","511","Population totale","3010","Population-Estimations","2012","2012","1000 personnes","25733.049","X","Sources internationales sûres","UNDESA, Population Division – World Population Prospects, the 2017 Revision"
"OA","Séries temporelles annuelles","82","Gibraltar","511","Population totale","3010","Population-Estimations","2012","2012","1000 personnes","33.623","X","Sources internationales sûres","UNDESA, Population Division – World Population Prospects, the 2017 Revision"
"OA","Séries temporelles annuelles","84","Grèce","511","Population totale","3010","Population-Estimations","2012","2012","1000 personnes","11378.257","X","Sources internationales sûres","UNDESA, Population Division – World Population Prospects, the 2017 Revision"
"OA","Séries temporelles annuelles","86","Grenade","511","Population totale","3010","Population-Estimations","2012","2012","1000 personnes","105.481","X","Sources internationales sûres","UNDESA, Population Division – World Population Prospects, the 2017 Revision"
"OA","Séries temporelles annuelles","85","Groenland","511","Population totale","3010","Population-Estimations","2012","2012","1000 personnes","56.47","X","Sources internationales sûres","UNDESA, Population Division – World Population Prospects, the 2017 Revision"
"OA","Séries temporelles annuelles","87","Guadeloupe","511","Population totale","3010","Population-Estimations","2012","2012","1000 personnes","451.602","X","Sources internationales sûres","UNDESA, Population Division – World Population Prospects, the 2017 Revision"
"OA","Séries temporelles annuelles","88","Guam","511","Population totale","3010","Population-Estimations","2012","2012","1000 personnes","159.973","X","Sources internationales sûres","UNDESA, Population Division – World Population Prospects, the 2017 Revision"
"OA","Séries temporelles annuelles","89","Guatemala","511","Population totale","3010","Population-Estimations","2012","2012","1000 personnes","15271.056","X","Sources internationales sûres","UNDESA, Population Division – World Population Prospects, the 2017 Revision"
"OA","Séries temporelles annuelles","90","Guinée","511","Population totale","3010","Population-Estimations","2012","2012","1000 personnes","11281.469","X","Sources internationales sûres","UNDESA, Population Division – World Population Prospects, the 2017 Revision"
"OA","Séries temporelles annuelles","61","Guinée équatoriale","511","Population totale","3010","Population-Estimations","2012","2012","1000 personnes","1038.593","X","Sources internationales sûres","UNDESA, Population Division – World Population Prospects, the 2017 Revision"
"OA","Séries temporelles annuelles","175","Guinée-Bissau","511","Population totale","3010","Population-Estimations","2012","2012","1000 personnes","1638.139","X","Sources internationales sûres","UNDESA, Population Division – World Population Prospects, the 2017 Revision"
"OA","Séries temporelles annuelles","91","Guyana","511","Population totale","3010","Population-Estimations","2012","2012","1000 personnes","753.091","X","Sources internationales sûres","UNDESA, Population Division – World Population Prospects, the 2017 Revision"
"OA","Séries temporelles annuelles","69","Guyane française","511","Population totale","3010","Population-Estimations","2012","2012","1000 personnes","247.463","X","Sources internationales sûres","UNDESA, Population Division – World Population Prospects, the 2017 Revision"
"OA","Séries temporelles annuelles","93","Haïti","511","Population totale","3010","Population-Estimations","2012","2012","1000 personnes","10289.21","X","Sources internationales sûres","UNDESA, Population Division – World Population Prospects, the 2017 Revision"
"OA","Séries temporelles annuelles","95","Honduras","511","Population totale","3010","Population-Estimations","2012","2012","1000 personnes","8505.646","X","Sources internationales sûres","UNDESA, Population Division – World Population Prospects, the 2017 Revision"
"OA","Séries temporelles annuelles","97","Hongrie","511","Population totale","3010","Population-Estimations","2012","2012","1000 personnes","9869.684","X","Sources internationales sûres","UNDESA, Population Division – World Population Prospects, the 2017 Revision"
"OA","Séries temporelles annuelles","264","Île de Man","511","Population totale","3010","Population-Estimations","2012","2012","1000 personnes","81.406","X","Sources internationales sûres","UNDESA, Population Division – World Population Prospects, the 2017 Revision"
"OA","Séries temporelles annuelles","259","Iles Anglo-Normandes","511","Population totale","3010","Population-Estimations","2012","2012","1000 personnes","161.358","X","Sources internationales sûres","UNDESA, Population Division – World Population Prospects, the 2017 Revision"
"OA","Séries temporelles annuelles","36","Îles Caïmanes","511","Population totale","3010","Population-Estimations","2012","2012","1000 personnes","57.523","X","Sources internationales sûres","UNDESA, Population Division – World Population Prospects, the 2017 Revision"
"OA","Séries temporelles annuelles","47","Îles Cook","511","Population totale","3010","Population-Estimations","2012","2012","1000 personnes","17.996","X","Sources internationales sûres","UNDESA, Population Division – World Population Prospects, the 2017 Revision"
"OA","Séries temporelles annuelles","65","Îles Falkland","511","Population totale","3010","Population-Estimations","2012","2012","1000 personnes","2.858","X","Sources internationales sûres","UNDESA, Population Division – World Population Prospects, the 2017 Revision"
"OA","Séries temporelles annuelles","64","Îles Féroé","511","Population totale","3010","Population-Estimations","2012","2012","1000 personnes","48.666","X","Sources internationales sûres","UNDESA, Population Division – World Population Prospects, the 2017 Revision"
"OA","Séries temporelles annuelles","163","Îles Mariannes du Nord","511","Population totale","3010","Population-Estimations","2012","2012","1000 personnes","53.718","X","Sources internationales sûres","UNDESA, Population Division – World Population Prospects, the 2017 Revision"
"OA","Séries temporelles annuelles","127","Îles Marshall","511","Population totale","3010","Population-Estimations","2012","2012","1000 personnes","52.663","X","Sources internationales sûres","UNDESA, Population Division – World Population Prospects, the 2017 Revision"
"OA","Séries temporelles annuelles","25","Îles Salomon","511","Population totale","3010","Population-Estimations","2012","2012","1000 personnes","551.531","X","Sources internationales sûres","UNDESA, Population Division – World Population Prospects, the 2017 Revision"
"OA","Séries temporelles annuelles","224","Îles Turques et Caïques","511","Population totale","3010","Population-Estimations","2012","2012","1000 personnes","32.431","X","Sources internationales sûres","UNDESA, Population Division – World Population Prospects, the 2017 Revision"
"OA","Séries temporelles annuelles","240","Îles Vierges américaines","511","Population totale","3010","Population-Estimations","2012","2012","1000 personnes","105.557","X","Sources internationales sûres","UNDESA, Population Division – World Population Prospects, the 2017 Revision"
"OA","Séries temporelles annuelles","239","Îles Vierges britanniques","511","Population totale","3010","Population-Estimations","2012","2012","1000 personnes","28.509","X","Sources internationales sûres","UNDESA, Population Division – World Population Prospects, the 2017 Revision"
"OA","Séries temporelles annuelles","243","Îles Wallis et Futuna","511","Population totale","3010","Population-Estimations","2012","2012","1000 personnes","12.836","X","Sources internationales sûres","UNDESA, Population Division – World Population Prospects, the 2017 Revision"
"OA","Séries temporelles annuelles","100","Inde","511","Population totale","3010","Population-Estimations","2012","2012","1000 personnes","1263065.852","X","Sources internationales sûres","UNDESA, Population Division – World Population Prospects, the 2017 Revision"
"OA","Séries temporelles annuelles","101","Indonésie","511","Population totale","3010","Population-Estimations","2012","2012","1000 personnes","248883.232","X","Sources internationales sûres","UNDESA, Population Division – World Population Prospects, the 2017 Revision"
"OA","Séries temporelles annuelles","102","Iran (République islamique d')","511","Population totale","3010","Population-Estimations","2012","2012","1000 personnes","76453.574","X","Sources internationales sûres","UNDESA, Population Division – World Population Prospects, the 2017 Revision"
"OA","Séries temporelles annuelles","103","Iraq","511","Population totale","3010","Population-Estimations","2012","2012","1000 personnes","32776.571","X","Sources internationales sûres","UNDESA, Population Division – World Population Prospects, the 2017 Revision"
"OA","Séries temporelles annuelles","104","Irlande","511","Population totale","3010","Population-Estimations","2012","2012","1000 personnes","4678.117","X","Sources internationales sûres","UNDESA, Population Division – World Population Prospects, the 2017 Revision"
"OA","Séries temporelles annuelles","99","Islande","511","Population totale","3010","Population-Estimations","2012","2012","1000 personnes","325.526","X","Sources internationales sûres","UNDESA, Population Division – World Population Prospects, the 2017 Revision"
"OA","Séries temporelles annuelles","105","Israël","511","Population totale","3010","Population-Estimations","2012","2012","1000 personnes","7699.105","X","Sources internationales sûres","UNDESA, Population Division – World Population Prospects, the 2017 Revision"
"OA","Séries temporelles annuelles","106","Italie","511","Population totale","3010","Population-Estimations","2012","2012","1000 personnes","59733.834","X","Sources internationales sûres","UNDESA, Population Division – World Population Prospects, the 2017 Revision"
"OA","Séries temporelles annuelles","109","Jamaïque","511","Population totale","3010","Population-Estimations","2012","2012","1000 personnes","2840.992","X","Sources internationales sûres","UNDESA, Population Division – World Population Prospects, the 2017 Revision"
"OA","Séries temporelles annuelles","110","Japon","511","Population totale","3010","Population-Estimations","2012","2012","1000 personnes","128426.384","X","Sources internationales sûres","UNDESA, Population Division – World Population Prospects, the 2017 Revision"
"OA","Séries temporelles annuelles","112","Jordanie","511","Population totale","3010","Population-Estimations","2012","2012","1000 personnes","7992.573","X","Sources internationales sûres","UNDESA, Population Division – World Population Prospects, the 2017 Revision"
"OA","Séries temporelles annuelles","108","Kazakhstan","511","Population totale","3010","Population-Estimations","2012","2012","1000 personnes","16921.179","X","Sources internationales sûres","UNDESA, Population Division – World Population Prospects, the 2017 Revision"
"OA","Séries temporelles annuelles","114","Kenya","511","Population totale","3010","Population-Estimations","2012","2012","1000 personnes","43646.629","X","Sources internationales sûres","UNDESA, Population Division – World Population Prospects, the 2017 Revision"
"OA","Séries temporelles annuelles","113","Kirghizistan","511","Population totale","3010","Population-Estimations","2012","2012","1000 personnes","5594.108","X","Sources internationales sûres","UNDESA, Population Division – World Population Prospects, the 2017 Revision"
"OA","Séries temporelles annuelles","83","Kiribati","511","Population totale","3010","Population-Estimations","2012","2012","1000 personnes","106.613","X","Sources internationales sûres","UNDESA, Population Division – World Population Prospects, the 2017 Revision"
"OA","Séries temporelles annuelles","118","Koweït","511","Population totale","3010","Population-Estimations","2012","2012","1000 personnes","3395.556","X","Sources internationales sûres","UNDESA, Population Division – World Population Prospects, the 2017 Revision"
"OA","Séries temporelles annuelles","122","Lesotho","511","Population totale","3010","Population-Estimations","2012","2012","1000 personnes","2089.928","X","Sources internationales sûres","UNDESA, Population Division – World Population Prospects, the 2017 Revision"
"OA","Séries temporelles annuelles","119","Lettonie","511","Population totale","3010","Population-Estimations","2012","2012","1000 personnes","2066.374","X","Sources internationales sûres","UNDESA, Population Division – World Population Prospects, the 2017 Revision"
"OA","Séries temporelles annuelles","154","Macédoine du Nord","511","Population totale","3010","Population-Estimations","2012","2012","1000 personnes","2074.036","X","Sources internationales sûres","UNDESA, Population Division – World Population Prospects, the 2017 Revision"
"OA","Séries temporelles annuelles","121","Liban","511","Population totale","3010","Population-Estimations","2012","2012","1000 personnes","4916.404","X","Sources internationales sûres","UNDESA, Population Division – World Population Prospects, the 2017 Revision"
"OA","Séries temporelles annuelles","123","Libéria","511","Population totale","3010","Population-Estimations","2012","2012","1000 personnes","4181.563","X","Sources internationales sûres","UNDESA, Population Division – World Population Prospects, the 2017 Revision"
"OA","Séries temporelles annuelles","124","Libye","511","Population totale","3010","Population-Estimations","2012","2012","1000 personnes","6198.258","X","Sources internationales sûres","UNDESA, Population Division – World Population Prospects, the 2017 Revision"
"OA","Séries temporelles annuelles","125","Liechtenstein","511","Population totale","3010","Population-Estimations","2012","2012","1000 personnes","36.545","X","Sources internationales sûres","UNDESA, Population Division – World Population Prospects, the 2017 Revision"
"OA","Séries temporelles annuelles","126","Lituanie","511","Population totale","3010","Population-Estimations","2012","2012","1000 personnes","3037.246","X","Sources internationales sûres","UNDESA, Population Division – World Population Prospects, the 2017 Revision"
"OA","Séries temporelles annuelles","256","Luxembourg","511","Population totale","3010","Population-Estimations","2012","2012","1000 personnes","532.387","X","Sources internationales sûres","UNDESA, Population Division – World Population Prospects, the 2017 Revision"
"OA","Séries temporelles annuelles","129","Madagascar","511","Population totale","3010","Population-Estimations","2012","2012","1000 personnes","22346.573","X","Sources internationales sûres","UNDESA, Population Division – World Population Prospects, the 2017 Revision"
"OA","Séries temporelles annuelles","131","Malaisie","511","Population totale","3010","Population-Estimations","2012","2012","1000 personnes","29170.456","X","Sources internationales sûres","UNDESA, Population Division – World Population Prospects, the 2017 Revision"
"OA","Séries temporelles annuelles","130","Malawi","511","Population totale","3010","Population-Estimations","2012","2012","1000 personnes","16097.305","X","Sources internationales sûres","UNDESA, Population Division – World Population Prospects, the 2017 Revision"
"OA","Séries temporelles annuelles","132","Maldives","511","Population totale","3010","Population-Estimations","2012","2012","1000 personnes","386.203","X","Sources internationales sûres","UNDESA, Population Division – World Population Prospects, the 2017 Revision"
"OA","Séries temporelles annuelles","133","Mali","511","Population totale","3010","Population-Estimations","2012","2012","1000 personnes","16006.67","X","Sources internationales sûres","UNDESA, Population Division – World Population Prospects, the 2017 Revision"
"OA","Séries temporelles annuelles","134","Malte","511","Population totale","3010","Population-Estimations","2012","2012","1000 personnes","420.789","X","Sources internationales sûres","UNDESA, Population Division – World Population Prospects, the 2017 Revision"
"OA","Séries temporelles annuelles","143","Maroc","511","Population totale","3010","Population-Estimations","2012","2012","1000 personnes","33333.789","X","Sources internationales sûres","UNDESA, Population Division – World Population Prospects, the 2017 Revision"
"OA","Séries temporelles annuelles","135","Martinique","511","Population totale","3010","Population-Estimations","2012","2012","1000 personnes","391.164","X","Sources internationales sûres","UNDESA, Population Division – World Population Prospects, the 2017 Revision"
"OA","Séries temporelles annuelles","137","Maurice","511","Population totale","3010","Population-Estimations","2012","2012","1000 personnes","1253.371","X","Sources internationales sûres","UNDESA, Population Division – World Population Prospects, the 2017 Revision"
"OA","Séries temporelles annuelles","136","Mauritanie","511","Population totale","3010","Population-Estimations","2012","2012","1000 personnes","3830.239","X","Sources internationales sûres","UNDESA, Population Division – World Population Prospects, the 2017 Revision"
"OA","Séries temporelles annuelles","270","Mayotte","511","Population totale","3010","Population-Estimations","2012","2012","1000 personnes","221.122","X","Sources internationales sûres","UNDESA, Population Division – World Population Prospects, the 2017 Revision"
"OA","Séries temporelles annuelles","138","Mexique","511","Population totale","3010","Population-Estimations","2012","2012","1000 personnes","120828.307","X","Sources internationales sûres","UNDESA, Population Division – World Population Prospects, the 2017 Revision"
"OA","Séries temporelles annuelles","145","Micronésie (États fédérés de)","511","Population totale","3010","Population-Estimations","2012","2012","1000 personnes","103.503","X","Sources internationales sûres","UNDESA, Population Division – World Population Prospects, the 2017 Revision"
"OA","Séries temporelles annuelles","140","Monaco","511","Population totale","3010","Population-Estimations","2012","2012","1000 personnes","37.783","X","Sources internationales sûres","UNDESA, Population Division – World Population Prospects, the 2017 Revision"
"OA","Séries temporelles annuelles","141","Mongolie","511","Population totale","3010","Population-Estimations","2012","2012","1000 personnes","2814.226","X","Sources internationales sûres","UNDESA, Population Division – World Population Prospects, the 2017 Revision"
"OA","Séries temporelles annuelles","273","Monténégro","511","Population totale","3010","Population-Estimations","2012","2012","1000 personnes","626.386","X","Sources internationales sûres","UNDESA, Population Division – World Population Prospects, the 2017 Revision"
"OA","Séries temporelles annuelles","142","Montserrat","511","Population totale","3010","Population-Estimations","2012","2012","1000 personnes","5.031","X","Sources internationales sûres","UNDESA, Population Division – World Population Prospects, the 2017 Revision"
"OA","Séries temporelles annuelles","144","Mozambique","511","Population totale","3010","Population-Estimations","2012","2012","1000 personnes","25676.606","X","Sources internationales sûres","UNDESA, Population Division – World Population Prospects, the 2017 Revision"
"OA","Séries temporelles annuelles","28","Myanmar","511","Population totale","3010","Population-Estimations","2012","2012","1000 personnes","50986.514","X","Sources internationales sûres","UNDESA, Population Division – World Population Prospects, the 2017 Revision"
"OA","Séries temporelles annuelles","147","Namibie","511","Population totale","3010","Population-Estimations","2012","2012","1000 personnes","2263.934","X","Sources internationales sûres","UNDESA, Population Division – World Population Prospects, the 2017 Revision"
"OA","Séries temporelles annuelles","148","Nauru","511","Population totale","3010","Population-Estimations","2012","2012","1000 personnes","10.478","X","Sources internationales sûres","UNDESA, Population Division – World Population Prospects, the 2017 Revision"
"OA","Séries temporelles annuelles","149","Népal","511","Population totale","3010","Population-Estimations","2012","2012","1000 personnes","27649.925","X","Sources internationales sûres","UNDESA, Population Division – World Population Prospects, the 2017 Revision"
"OA","Séries temporelles annuelles","157","Nicaragua","511","Population totale","3010","Population-Estimations","2012","2012","1000 personnes","5877.108","X","Sources internationales sûres","UNDESA, Population Division – World Population Prospects, the 2017 Revision"
"OA","Séries temporelles annuelles","158","Niger","511","Population totale","3010","Population-Estimations","2012","2012","1000 personnes","17731.634","X","Sources internationales sûres","UNDESA, Population Division – World Population Prospects, the 2017 Revision"
"OA","Séries temporelles annuelles","159","Nigéria","511","Population totale","3010","Population-Estimations","2012","2012","1000 personnes","167297.284","X","Sources internationales sûres","UNDESA, Population Division – World Population Prospects, the 2017 Revision"
"OA","Séries temporelles annuelles","160","Nioué","511","Population totale","3010","Population-Estimations","2012","2012","1000 personnes","1.623","X","Sources internationales sûres","UNDESA, Population Division – World Population Prospects, the 2017 Revision"
"OA","Séries temporelles annuelles","162","Norvège","511","Population totale","3010","Population-Estimations","2012","2012","1000 personnes","5012.007","X","Sources internationales sûres","UNDESA, Population Division – World Population Prospects, the 2017 Revision"
"OA","Séries temporelles annuelles","153","Nouvelle-Calédonie","511","Population totale","3010","Population-Estimations","2012","2012","1000 personnes","258.275","X","Sources internationales sûres","UNDESA, Population Division – World Population Prospects, the 2017 Revision"
"OA","Séries temporelles annuelles","156","Nouvelle-Zélande","511","Population totale","3010","Population-Estimations","2012","2012","1000 personnes","4467.743","X","Sources internationales sûres","UNDESA, Population Division – World Population Prospects, the 2017 Revision"
"OA","Séries temporelles annuelles","221","Oman","511","Population totale","3010","Population-Estimations","2012","2012","1000 personnes","3464.644","X","Sources internationales sûres","UNDESA, Population Division – World Population Prospects, the 2017 Revision"
"OA","Séries temporelles annuelles","226","Ouganda","511","Population totale","3010","Population-Estimations","2012","2012","1000 personnes","36306.796","X","Sources internationales sûres","UNDESA, Population Division – World Population Prospects, the 2017 Revision"
"OA","Séries temporelles annuelles","235","Ouzbékistan","511","Population totale","3010","Population-Estimations","2012","2012","1000 personnes","29540.819","X","Sources internationales sûres","UNDESA, Population Division – World Population Prospects, the 2017 Revision"
"OA","Séries temporelles annuelles","165","Pakistan","511","Population totale","3010","Population-Estimations","2012","2012","1000 personnes","177911.533","X","Sources internationales sûres","UNDESA, Population Division – World Population Prospects, the 2017 Revision"
"OA","Séries temporelles annuelles","180","Palaos","511","Population totale","3010","Population-Estimations","2012","2012","1000 personnes","20.758","X","Sources internationales sûres","UNDESA, Population Division – World Population Prospects, the 2017 Revision"
"OA","Séries temporelles annuelles","166","Panama","511","Population totale","3010","Population-Estimations","2012","2012","1000 personnes","3772.938","X","Sources internationales sûres","UNDESA, Population Division – World Population Prospects, the 2017 Revision"
"OA","Séries temporelles annuelles","168","Papouasie-Nouvelle-Guinée","511","Population totale","3010","Population-Estimations","2012","2012","1000 personnes","7430.836","X","Sources internationales sûres","UNDESA, Population Division – World Population Prospects, the 2017 Revision"
"OA","Séries temporelles annuelles","169","Paraguay","511","Population totale","3010","Population-Estimations","2012","2012","1000 personnes","6379.219","X","Sources internationales sûres","UNDESA, Population Division – World Population Prospects, the 2017 Revision"
"OA","Séries temporelles annuelles","150","Pays-Bas","511","Population totale","3010","Population-Estimations","2012","2012","1000 personnes","16789.095","X","Sources internationales sûres","UNDESA, Population Division – World Population Prospects, the 2017 Revision"
"OA","Séries temporelles annuelles","170","Pérou","511","Population totale","3010","Population-Estimations","2012","2012","1000 personnes","30158.966","X","Sources internationales sûres","UNDESA, Population Division – World Population Prospects, the 2017 Revision"
"OA","Séries temporelles annuelles","171","Philippines","511","Population totale","3010","Population-Estimations","2012","2012","1000 personnes","96866.642","X","Sources internationales sûres","UNDESA, Population Division – World Population Prospects, the 2017 Revision"
"OA","Séries temporelles annuelles","173","Pologne","511","Population totale","3010","Population-Estimations","2012","2012","1000 personnes","38317.404","X","Sources internationales sûres","UNDESA, Population Division – World Population Prospects, the 2017 Revision"
"OA","Séries temporelles annuelles","70","Polynésie française","511","Population totale","3010","Population-Estimations","2012","2012","1000 personnes","271.703","X","Sources internationales sûres","UNDESA, Population Division – World Population Prospects, the 2017 Revision"
"OA","Séries temporelles annuelles","177","Porto Rico","511","Population totale","3010","Population-Estimations","2012","2012","1000 personnes","3697.576","X","Sources internationales sûres","UNDESA, Population Division – World Population Prospects, the 2017 Revision"
"OA","Séries temporelles annuelles","174","Portugal","511","Population totale","3010","Population-Estimations","2012","2012","1000 personnes","10581.821","X","Sources internationales sûres","UNDESA, Population Division – World Population Prospects, the 2017 Revision"
"OA","Séries temporelles annuelles","179","Qatar","511","Population totale","3010","Population-Estimations","2012","2012","1000 personnes","2109.568","X","Sources internationales sûres","UNDESA, Population Division – World Population Prospects, the 2017 Revision"
"OA","Séries temporelles annuelles","212","République arabe syrienne","511","Population totale","3010","Population-Estimations","2012","2012","1000 personnes","20420.701","X","Sources internationales sûres","UNDESA, Population Division – World Population Prospects, the 2017 Revision"
"OA","Séries temporelles annuelles","37","République centrafricaine","511","Population totale","3010","Population-Estimations","2012","2012","1000 personnes","4490.416","X","Sources internationales sûres","UNDESA, Population Division – World Population Prospects, the 2017 Revision"
"OA","Séries temporelles annuelles","117","République de Corée","511","Population totale","3010","Population-Estimations","2012","2012","1000 personnes","49952.244","X","Sources internationales sûres","UNDESA, Population Division – World Population Prospects, the 2017 Revision"
"OA","Séries temporelles annuelles","146","République de Moldova","511","Population totale","3010","Population-Estimations","2012","2012","1000 personnes","4073.703","X","Sources internationales sûres","UNDESA, Population Division – World Population Prospects, the 2017 Revision"
"OA","Séries temporelles annuelles","250","République démocratique du Congo","511","Population totale","3010","Population-Estimations","2012","2012","1000 personnes","68978.682","X","Sources internationales sûres","UNDESA, Population Division – World Population Prospects, the 2017 Revision"
"OA","Séries temporelles annuelles","120","République démocratique populaire lao","511","Population totale","3010","Population-Estimations","2012","2012","1000 personnes","6415.169","X","Sources internationales sûres","UNDESA, Population Division – World Population Prospects, the 2017 Revision"
"OA","Séries temporelles annuelles","56","République dominicaine","511","Population totale","3010","Population-Estimations","2012","2012","1000 personnes","10154.95","X","Sources internationales sûres","UNDESA, Population Division – World Population Prospects, the 2017 Revision"
"OA","Séries temporelles annuelles","116","République populaire démocratique de Corée","511","Population totale","3010","Population-Estimations","2012","2012","1000 personnes","24854.034","X","Sources internationales sûres","UNDESA, Population Division – World Population Prospects, the 2017 Revision"
"OA","Séries temporelles annuelles","215","République-Unie de Tanzanie","511","Population totale","3010","Population-Estimations","2012","2012","1000 personnes","49082.997","X","Sources internationales sûres","UNDESA, Population Division – World Population Prospects, the 2017 Revision"
"OA","Séries temporelles annuelles","182","Réunion","511","Population totale","3010","Population-Estimations","2012","2012","1000 personnes","843.907","X","Sources internationales sûres","UNDESA, Population Division – World Population Prospects, the 2017 Revision"
"OA","Séries temporelles annuelles","183","Roumanie","511","Population totale","3010","Population-Estimations","2012","2012","1000 personnes","20171.255","X","Sources internationales sûres","UNDESA, Population Division – World Population Prospects, the 2017 Revision"
"OA","Séries temporelles annuelles","229","Royaume-Uni","511","Population totale","3010","Population-Estimations","2012","2012","1000 personnes","64250.33","X","Sources internationales sûres","UNDESA, Population Division – World Population Prospects, the 2017 Revision"
"OA","Séries temporelles annuelles","184","Rwanda","511","Population totale","3010","Population-Estimations","2012","2012","1000 personnes","10788.853","X","Sources internationales sûres","UNDESA, Population Division – World Population Prospects, the 2017 Revision"
"OA","Séries temporelles annuelles","205","Sahara occidental","511","Population totale","3010","Population-Estimations","2012","2012","1000 personnes","495.772","X","Sources internationales sûres","UNDESA, Population Division – World Population Prospects, the 2017 Revision"
"OA","Séries temporelles annuelles","187","Sainte-Hélène, Ascension et Tristan de Cunha","511","Population totale","3010","Population-Estimations","2012","2012","1000 personnes","4.117","X","Sources internationales sûres","UNDESA, Population Division – World Population Prospects, the 2017 Revision"
"OA","Séries temporelles annuelles","189","Sainte-Lucie","511","Population totale","3010","Population-Estimations","2012","2012","1000 personnes","174.835","X","Sources internationales sûres","UNDESA, Population Division – World Population Prospects, the 2017 Revision"
"OA","Séries temporelles annuelles","188","Saint-Kitts-et-Nevis","511","Population totale","3010","Population-Estimations","2012","2012","1000 personnes","52.591","X","Sources internationales sûres","UNDESA, Population Division – World Population Prospects, the 2017 Revision"
"OA","Séries temporelles annuelles","192","Saint-Marin","511","Population totale","3010","Population-Estimations","2012","2012","1000 personnes","31.914","X","Sources internationales sûres","UNDESA, Population Division – World Population Prospects, the 2017 Revision"
"OA","Séries temporelles annuelles","190","Saint-Pierre-et-Miquelon","511","Population totale","3010","Population-Estimations","2012","2012","1000 personnes","6.276","X","Sources internationales sûres","UNDESA, Population Division – World Population Prospects, the 2017 Revision"
"OA","Séries temporelles annuelles","94","Saint-Siège","511","Population totale","3010","Population-Estimations","2012","2012","1000 personnes","0.804","X","Sources internationales sûres","UNDESA, Population Division – World Population Prospects, the 2017 Revision"
"OA","Séries temporelles annuelles","191","Saint-Vincent-et-les Grenadines","511","Population totale","3010","Population-Estimations","2012","2012","1000 personnes","109.328","X","Sources internationales sûres","UNDESA, Population Division – World Population Prospects, the 2017 Revision"
"OA","Séries temporelles annuelles","244","Samoa","511","Population totale","3010","Population-Estimations","2012","2012","1000 personnes","189.194","X","Sources internationales sûres","UNDESA, Population Division – World Population Prospects, the 2017 Revision"
"OA","Séries temporelles annuelles","5","Samoa américaines","511","Population totale","3010","Population-Estimations","2012","2012","1000 personnes","55.23","X","Sources internationales sûres","UNDESA, Population Division – World Population Prospects, the 2017 Revision"
"OA","Séries temporelles annuelles","193","Sao Tomé-et-Principe","511","Population totale","3010","Population-Estimations","2012","2012","1000 personnes","182.889","X","Sources internationales sûres","UNDESA, Population Division – World Population Prospects, the 2017 Revision"
"OA","Séries temporelles annuelles","195","Sénégal","511","Population totale","3010","Population-Estimations","2012","2012","1000 personnes","13703.513","X","Sources internationales sûres","UNDESA, Population Division – World Population Prospects, the 2017 Revision"
"OA","Séries temporelles annuelles","272","Serbie","511","Population totale","3010","Population-Estimations","2012","2012","1000 personnes","8956.984","X","Sources internationales sûres","UNDESA, Population Division – World Population Prospects, the 2017 Revision"
"OA","Séries temporelles annuelles","196","Seychelles","511","Population totale","3010","Population-Estimations","2012","2012","1000 personnes","92.285","X","Sources internationales sûres","UNDESA, Population Division – World Population Prospects, the 2017 Revision"
"OA","Séries temporelles annuelles","197","Sierra Leone","511","Population totale","3010","Population-Estimations","2012","2012","1000 personnes","6766.103","X","Sources internationales sûres","UNDESA, Population Division – World Population Prospects, the 2017 Revision"
"OA","Séries temporelles annuelles","200","Singapour","511","Population totale","3010","Population-Estimations","2012","2012","1000 personnes","5270.958","X","Sources internationales sûres","UNDESA, Population Division – World Population Prospects, the 2017 Revision"
"OA","Séries temporelles annuelles","199","Slovaquie","511","Population totale","3010","Population-Estimations","2012","2012","1000 personnes","5417.07","X","Sources internationales sûres","UNDESA, Population Division – World Population Prospects, the 2017 Revision"
"OA","Séries temporelles annuelles","198","Slovénie","511","Population totale","3010","Population-Estimations","2012","2012","1000 personnes","2060.39","X","Sources internationales sûres","UNDESA, Population Division – World Population Prospects, the 2017 Revision"
"OA","Séries temporelles annuelles","201","Somalie","511","Population totale","3010","Population-Estimations","2012","2012","1000 personnes","12763.776","X","Sources internationales sûres","UNDESA, Population Division – World Population Prospects, the 2017 Revision"
"OA","Séries temporelles annuelles","276","Soudan","511","Population totale","3010","Population-Estimations","2012","2012","1000 personnes","35990.192","X","Sources internationales sûres","UNDESA, Population Division – World Population Prospects, the 2017 Revision"
"OA","Séries temporelles annuelles","277","Soudan du Sud","511","Population totale","3010","Population-Estimations","2012","2012","1000 personnes","10818.258","X","Sources internationales sûres","UNDESA, Population Division – World Population Prospects, the 2017 Revision"
"OA","Séries temporelles annuelles","38","Sri Lanka","511","Population totale","3010","Population-Estimations","2012","2012","1000 personnes","20424.555","X","Sources internationales sûres","UNDESA, Population Division – World Population Prospects, the 2017 Revision"
"OA","Séries temporelles annuelles","210","Suède","511","Population totale","3010","Population-Estimations","2012","2012","1000 personnes","9540.907","X","Sources internationales sûres","UNDESA, Population Division – World Population Prospects, the 2017 Revision"
"OA","Séries temporelles annuelles","211","Suisse","511","Population totale","3010","Population-Estimations","2012","2012","1000 personnes","8031.67","X","Sources internationales sûres","UNDESA, Population Division – World Population Prospects, the 2017 Revision"
"OA","Séries temporelles annuelles","207","Suriname","511","Population totale","3010","Population-Estimations","2012","2012","1000 personnes","537.077","X","Sources internationales sûres","UNDESA, Population Division – World Population Prospects, the 2017 Revision"
"OA","Séries temporelles annuelles","209","Eswatini","511","Population totale","3010","Population-Estimations","2012","2012","1000 personnes","1248.158","X","Sources internationales sûres","UNDESA, Population Division – World Population Prospects, the 2017 Revision"
"OA","Séries temporelles annuelles","208","Tadjikistan","511","Population totale","3010","Population-Estimations","2012","2012","1000 personnes","7995.062","X","Sources internationales sûres","UNDESA, Population Division – World Population Prospects, the 2017 Revision"
"OA","Séries temporelles annuelles","39","Tchad","511","Population totale","3010","Population-Estimations","2012","2012","1000 personnes","12705.135","X","Sources internationales sûres","UNDESA, Population Division – World Population Prospects, the 2017 Revision"
"OA","Séries temporelles annuelles","167","Tchéquie (la)","511","Population totale","3010","Population-Estimations","2012","2012","1000 personnes","10586.755","X","Sources internationales sûres","UNDESA, Population Division – World Population Prospects, the 2017 Revision"
"OA","Séries temporelles annuelles","299","Palestine","511","Population totale","3010","Population-Estimations","2012","2012","1000 personnes","4294.96","X","Sources internationales sûres","UNDESA, Population Division – World Population Prospects, the 2017 Revision"
"OA","Séries temporelles annuelles","216","Thaïlande","511","Population totale","3010","Population-Estimations","2012","2012","1000 personnes","67843.979","X","Sources internationales sûres","UNDESA, Population Division – World Population Prospects, the 2017 Revision"
"OA","Séries temporelles annuelles","176","Timor-Leste","511","Population totale","3010","Population-Estimations","2012","2012","1000 personnes","1156.76","X","Sources internationales sûres","UNDESA, Population Division – World Population Prospects, the 2017 Revision"
"OA","Séries temporelles annuelles","217","Togo","511","Population totale","3010","Population-Estimations","2012","2012","1000 personnes","6859.482","X","Sources internationales sûres","UNDESA, Population Division – World Population Prospects, the 2017 Revision"
"OA","Séries temporelles annuelles","218","Tokélaou","511","Population totale","3010","Population-Estimations","2012","2012","1000 personnes","1.167","X","Sources internationales sûres","UNDESA, Population Division – World Population Prospects, the 2017 Revision"
"OA","Séries temporelles annuelles","219","Tonga","511","Population totale","3010","Population-Estimations","2012","2012","1000 personnes","104.951","X","Sources internationales sûres","UNDESA, Population Division – World Population Prospects, the 2017 Revision"
"OA","Séries temporelles annuelles","220","Trinité-et-Tobago","511","Population totale","3010","Population-Estimations","2012","2012","1000 personnes","1341.588","X","Sources internationales sûres","UNDESA, Population Division – World Population Prospects, the 2017 Revision"
"OA","Séries temporelles annuelles","222","Tunisie","511","Population totale","3010","Population-Estimations","2012","2012","1000 personnes","10886.668","X","Sources internationales sûres","UNDESA, Population Division – World Population Prospects, the 2017 Revision"
"OA","Séries temporelles annuelles","213","Turkménistan","511","Population totale","3010","Population-Estimations","2012","2012","1000 personnes","5267.839","X","Sources internationales sûres","UNDESA, Population Division – World Population Prospects, the 2017 Revision"
"OA","Séries temporelles annuelles","223","Turquie","511","Population totale","3010","Population-Estimations","2012","2012","1000 personnes","74569.867","X","Sources internationales sûres","UNDESA, Population Division – World Population Prospects, the 2017 Revision"
"OA","Séries temporelles annuelles","227","Tuvalu","511","Population totale","3010","Population-Estimations","2012","2012","1000 personnes","10.725","X","Sources internationales sûres","UNDESA, Population Division – World Population Prospects, the 2017 Revision"
"OA","Séries temporelles annuelles","230","Ukraine","511","Population totale","3010","Population-Estimations","2012","2012","1000 personnes","45349.333","X","Sources internationales sûres","UNDESA, Population Division – World Population Prospects, the 2017 Revision"
"OA","Séries temporelles annuelles","234","Uruguay","511","Population totale","3010","Population-Estimations","2012","2012","1000 personnes","3396.777","X","Sources internationales sûres","UNDESA, Population Division – World Population Prospects, the 2017 Revision"
"OA","Séries temporelles annuelles","155","Vanuatu","511","Population totale","3010","Population-Estimations","2012","2012","1000 personnes","247.485","X","Sources internationales sûres","UNDESA, Population Division – World Population Prospects, the 2017 Revision"
"OA","Séries temporelles annuelles","236","Venezuela (République bolivarienne du)","511","Population totale","3010","Population-Estimations","2012","2012","1000 personnes","29893.08","X","Sources internationales sûres","UNDESA, Population Division – World Population Prospects, the 2017 Revision"
"OA","Séries temporelles annuelles","237","Viet Nam","511","Population totale","3010","Population-Estimations","2012","2012","1000 personnes","90451.881","X","Sources internationales sûres","UNDESA, Population Division – World Population Prospects, the 2017 Revision"
"OA","Séries temporelles annuelles","249","Yémen","511","Population totale","3010","Population-Estimations","2012","2012","1000 personnes","24909.969","X","Sources internationales sûres","UNDESA, Population Division – World Population Prospects, the 2017 Revision"
"OA","Séries temporelles annuelles","251","Zambie","511","Population totale","3010","Population-Estimations","2012","2012","1000 personnes","14699.937","X","Sources internationales sûres","UNDESA, Population Division – World Population Prospects, the 2017 Revision"
"OA","Séries temporelles annuelles","181","Zimbabwe","511","Population totale","3010","Population-Estimations","2012","2012","1000 personnes","14710.826","X","Sources internationales sûres","UNDESA, Population Division – World Population Prospects, the 2017 Revision"
"OA","Séries temporelles annuelles","351","Chine","511","Population totale","3010","Population-Estimations","2012","2012","1000 personnes","1406131.446","X","Sources internationales sûres","UNDESA, Population Division – World Population Prospects, the 2017 Revision"
